n,total_ret,ann_ret,ann_vol,sharpe,mdd,calmar,sortino,win,new_high,skew,var5,es5,worst,pl_ratio,uw_max,uw_cur,streak_max,name,symbol,ta,summary,mgr,mgr_found,mgr_aum,mgr_aum_text,age,c_ann,c_mdd,c_sharpe,c_win,c_new_high,pm,pm_start,crisis_n,crisis_avg,crisis_win,mkt_corr_detail,mkt_corr,_s_sortino,_s_crisis_avg,_s_new_high,_s_pl_ratio,_s_sharpe,_s_calmar,_s_crisis_win,_s_uw_max,_s_streak_max,score,_v3_sortino,_v3_crisis_avg,_v3_crisis_win,_v3_new_high,_v3_pl_ratio,_v3_sharpe,_v3_calmar,_v3_win,_v3_uw_max,_v3_streak_max,score_v3,raw_v3
13,0.693748159377332,0.17602086355850854,0.10761270636593973,1.496299730730245,-0.019942319999999958,8.82649880046599,11.687266415563306,0.7692307692307693,0.7692307692307693,1.3071116193554015,-0.01994232,-0.01994232,-0.01994232,4.4771518337667775,1,0,1,量派CTA七号C,P001497,ZC678C,+16.16%,上海量派投资管理有限公司,2015,100,100亿+（2024年新晋百亿）,3.8,0.17590469468139291,-0.019942319999999958,1.251176493614135,0.75,0.75,孙林,2023-04-19,6,0.04485864333333334,1.0,"{'hs300': -0.06967293540113463, 'zz500': -0.05425343752273406, 'cyb': -0.05576018697566728, 'zz1000': -0.018271055777846896}",-0.018271055777846896,1.0,0.9285714285714286,0.9285714285714286,0.9642857142857143,0.9642857142857143,1.0,0.8928571428571429,1.0,1.0,0.9642857142857143,1.0,0.9285714285714286,0.7857142857142857,0.8571428571428571,1.0,0.9285714285714286,1.0,0.7857142857142857,1.0,1.0,0.7379464285714286,0.9392857142857144
16,0.5542467690820898,0.11655467249428142,0.07385827643200524,1.374993804354124,-0.02680082000000006,4.348921879788796,6.103713085742496,0.8125,0.8125,0.3621206102315442,-0.02680082,-0.02680082,-0.02680082,2.450975191482377,1,0,1,因诺CTA2号B,P001595,XJ080B,+9.93%,因诺（上海）资产管理有限公司,2014,300,300多亿（私募排排网公司页最新）,4.0,0.15313733833805276,-0.019698529999999992,1.8140537176131852,0.875,0.875,徐书楠、刘恒一,2022-09-20,7,0.03584597428571429,1.0,"{'hs300': -0.5839330596206814, 'zz500': -0.4899512820260831, 'cyb': -0.497455862489667, 'zz1000': -0.430515404012382}",-0.430515404012382,0.8928571428571429,0.8214285714285714,0.9642857142857143,0.6785714285714286,0.9285714285714286,0.8571428571428571,0.8928571428571429,1.0,1.0,0.8785714285714287,0.8571428571428571,0.7142857142857143,0.7857142857142857,0.9285714285714286,0.5714285714285714,0.8571428571428571,0.7857142857142857,0.9285714285714286,1.0,1.0,0.7238095238095239,0.8357142857142859
10,0.5860873814728942,0.20262670674398442,0.08751352805675001,2.1439737479480185,-0.027005200000000062,7.503247772428419,10.985435086343847,0.9,0.9,0.2749824555274518,-0.0270052,-0.0270052,-0.0270052,2.0870282595779908,1,0,1,瑞达期货-瑞智进取共赢5号集合资产管理计划,P001147,SJK472,+3.97%,瑞达期货股份有限公司,1993,46,资管规模46.29亿（2025年报，同比+97%）,6.7,0.23761147555453133,0.0,2.8197963847705125,1.0,1.0,林华,2024-05-06,3,0.039838029999999996,1.0,"{'hs300': -0.09611894728843355, 'zz500': -0.005824692819292501, 'cyb': 0.012605275497082435, 'zz1000': -0.002892255798485037}",0.012605275497082435,0.9642857142857143,0.8928571428571429,1.0,0.4642857142857143,1.0,0.9642857142857143,0.8928571428571429,1.0,1.0,0.8892857142857143,0.9285714285714286,0.5,0.5,1.0,0.35714285714285715,1.0,0.9285714285714286,1.0,1.0,1.0,0.6309523809523809,0.8142857142857143
20,1.5252000020466268,0.2035361963163369,0.16049249423524636,1.174735287246422,-0.11214465355419312,1.8149433777329336,4.566324853036764,0.75,0.65,0.6973166616288072,-0.04939845,-0.056133555,-0.06286866,2.1673328887349443,4,0,2,量派聚核20号,P001482,SSS088,+17.16%,上海量派投资管理有限公司,2015,100,100亿+（2024年新晋百亿）,5.0,0.454820681403334,0.0,2.6963770331953745,1.0,1.0,孙林,2021-09-22,9,0.04589405777777778,0.7777777777777778,"{'hs300': -0.300264186869473, 'zz500': -0.1440766979638964, 'cyb': -0.18633122666247148, 'zz1000': -0.053964354458056106}",-0.053964354458056106,0.75,0.9642857142857143,0.75,0.5714285714285714,0.7857142857142857,0.6785714285714286,0.7857142857142857,0.6785714285714286,0.7857142857142857,0.7517857142857142,0.6428571428571429,1.0,0.5714285714285714,0.5714285714285714,0.5,0.6428571428571429,0.5714285714285714,0.7142857142857143,0.5714285714285714,0.7142857142857143,0.6220238095238095,0.6464285714285715
9,0.26959062285293167,0.11191799360830479,0.08131169347531386,1.1919318054509465,-0.019123369999999862,5.852420028912561,5.664176919098463,0.6666666666666666,0.6666666666666666,0.5230814192547312,-0.01912337,-0.01912337,-0.01912337,3.3810609224215393,1,0,1,量派CTA八号C,P001547,AGZ17C,+11.72%,上海量派投资管理有限公司,2015,100,100亿+（2024年新晋百亿）,2.6,0.13257134643303092,-0.019123369999999973,1.4431825704687977,0.75,0.75,孙林,2024-02-22,2,0.03304636,1.0,"{'hs300': -0.040707605577265944, 'zz500': 0.09166389605248586, 'cyb': 0.10528962897727705, 'zz1000': 0.12813680170808395}",0.12813680170808395,0.8214285714285714,0.75,0.8214285714285714,0.8928571428571429,0.8214285714285714,0.9285714285714286,0.8928571428571429,1.0,1.0,0.8571428571428573,0.7142857142857143,0.5,0.5,0.7142857142857143,0.8571428571428571,0.7142857142857143,0.8571428571428571,0.21428571428571427,1.0,1.0,0.5790178571428571,0.7107142857142856
14,0.5118208971511837,0.12534532888677163,0.08205258493970743,1.3448123415959878,-0.03039999653000003,4.1232020787593004,5.773454853032115,0.6428571428571429,0.6428571428571429,0.1291726414402791,-0.02357019,-0.02357019,-0.02357019,3.8676923950870443,2,1,2,安贤CTA量化一号,P001697,SZB647,+13.56%,北京安贤私募基金管理有限公司,2018,100,100亿+（2026-06新晋百亿）,3.5,0.09936394915543456,-0.023570190000000046,1.0391595104146432,0.625,0.625,,,7,0.028264944285714286,0.5714285714285714,"{'hs300': 0.2546144698940928, 'zz500': 0.27221513259287905, 'cyb': 0.23053459515422922, 'zz1000': 0.2670776916773243}",0.27221513259287905,0.8571428571428571,0.6785714285714286,0.7142857142857143,0.9285714285714286,0.8571428571428571,0.8214285714285714,0.39285714285714285,0.8214285714285714,0.7857142857142857,0.7875000000000001,0.7857142857142857,0.42857142857142855,0.07142857142857142,0.5,0.9285714285714286,0.7857142857142857,0.7142857142857143,0.14285714285714285,0.7142857142857143,0.7142857142857143,0.56875,0.6178571428571428
35,2.829829844823371,0.16586719761736668,0.14273504342670362,1.0569737745926355,-0.0833567999999999,1.9898460307661388,3.2410590299332225,0.6857142857142857,0.6,0.8156496388255169,-0.0814524,-0.0824046,-0.0833568,2.5582640880626375,4,0,2,旭诺CTA一号,P001609,SW8015,+14.23%,上海旭诺资产管理有限公司,2009,10,约10亿（排排网20-50亿与2024中基协5-10亿矛盾，取保守压线值）,9.1,0.22131811906847032,-0.08335680000000001,0.9844424809458792,0.75,0.625,罗晨,2018-01-01,15,0.028342792,0.7333333333333333,"{'hs300': -0.002212833722628021, 'zz500': -0.2225688636572815, 'cyb': -0.20825340834076794, 'zz1000': -0.07985070931945558}",-0.002212833722628021,0.6428571428571429,0.7142857142857143,0.6071428571428571,0.8214285714285714,0.6785714285714286,0.7142857142857143,0.7142857142857143,0.6785714285714286,0.7857142857142857,0.6964285714285714,0.42857142857142855,0.5,0.42857142857142855,0.35714285714285715,0.7857142857142857,0.42857142857142855,0.6428571428571429,0.5,0.5714285714285714,0.7142857142857143,0.5071428571428571,0.5071428571428571
38,2.6863705877466106,0.1472075570856557,0.1246014543824612,1.0610434504227193,-0.10028539999999997,1.4678862235744758,3.0187938378004366,0.7105263157894737,0.6578947368421053,0.37875840125841703,-0.04593293,-0.073109165,-0.1002854,2.0404028164266363,3,0,2,宏锡量化CTA7号,P001481,SN3221,+11.00%,广东宏锡基金管理有限公司,2015,100,100亿+（2026-02首次进入百亿）,9.5,0.21657465584836144,-0.0316332140932043,1.9938261367528547,0.75,0.75,刘锡斌,2017-02-17,15,0.03552671266666667,0.6666666666666666,"{'hs300': 0.08734122246230593, 'zz500': 0.2568598970793414, 'cyb': 0.2535162982442523, 'zz1000': 0.25683839718340484}",0.2568598970793414,0.5357142857142857,0.7857142857142857,0.7857142857142857,0.39285714285714285,0.7142857142857143,0.5714285714285714,0.5714285714285714,0.75,0.7857142857142857,0.6446428571428572,0.2857142857142857,0.6428571428571429,0.2857142857142857,0.6428571428571429,0.2857142857142857,0.5,0.5,0.5714285714285714,0.6428571428571428,0.7142857142857143,0.46071428571428574,0.46071428571428574
31,1.3040718672527265,0.1137140029255459,0.09697457334671293,1.0179369655240864,-0.11606510951860205,0.9797432096277018,3.5345383212440553,0.8064516129032258,0.6774193548387096,0.9499088026250083,-0.0329588,-0.04408025,-0.0552017,1.5369126541312286,8,8,3,思瑞二号,P001266,SM2082,+7.59%,上海思勰投资管理有限公司,2016,100,100亿+,7.8,-0.029221499105165583,-0.11606510951860216,-0.6407747870919631,0.375,0.0,陈磐颖,2016-10-10,12,0.020146438333333332,0.9166666666666666,"{'hs300': 0.0475076018036488, 'zz500': 0.012578488281661217, 'cyb': 0.04453128609942537, 'zz1000': -0.11215475844741335}",0.0475076018036488,0.6785714285714286,0.5357142857142857,0.8571428571428571,0.10714285714285714,0.6428571428571429,0.4642857142857143,0.8571428571428571,0.3571428571428571,0.4285714285714286,0.5482142857142858,0.5,0.21428571428571427,0.7142857142857143,0.7857142857142857,0.14285714285714285,0.35714285714285715,0.42857142857142855,0.8571428571428571,0.2857142857142857,0.2857142857142857,0.45357142857142857,0.45357142857142857
31,4.386249231896271,0.24268066544809486,0.20302472613467154,1.1214430369287551,-0.2569835811354244,0.9443430758333458,4.094281631097418,0.6774193548387096,0.5161290322580645,0.8183671542911157,-0.06948078,-0.07472272,-0.07996466,2.5405548869143666,12,0,5,洛书裕和延平,P001018,SED534,+11.15%,上海洛书投资管理有限公司,2015,70,约70亿（口径70~150亿矛盾，取保守）,7.8,0.49514403935200746,0.0,2.958145968922783,1.0,1.0,谢冬,2018-07-31,12,0.021034222499999998,0.6666666666666666,"{'hs300': 0.15016155382238525, 'zz500': 0.08213570264574006, 'cyb': 0.07099655474375337, 'zz1000': 0.11589651426521905}",0.15016155382238525,0.7142857142857143,0.5714285714285714,0.35714285714285715,0.7857142857142857,0.75,0.39285714285714285,0.5714285714285714,0.1071428571428571,0.1785714285714286,0.5428571428571428,0.5714285714285714,0.2857142857142857,0.2857142857142857,0.21428571428571427,0.7142857142857143,0.5714285714285714,0.2857142857142857,0.35714285714285715,0.1428571428571429,0.1428571428571429,0.40357142857142864,0.40357142857142864
19,0.8236692314025862,0.1348436055875335,0.16334355741433715,0.7336904343495979,-0.13977746999999996,0.9647020051767538,1.400094714965284,0.7368421052631579,0.5789473684210527,-0.3353374091852792,-0.13977747,-0.13977747,-0.13977747,1.0656552021805215,5,2,2,润洲正行一号A,P001148,ER095A,+9.91%,杭州润洲私募基金管理有限公司,2014,50,50-100亿（排排网区间取下限）,7.8,0.10069351608952815,-0.13977746999999996,0.486714902048178,0.75,0.625,潘正寰,2022-01-04,9,0.028137168888888887,0.7777777777777778,"{'hs300': 0.00632938276088043, 'zz500': -0.15229857538368982, 'cyb': -0.2018674038453742, 'zz1000': -0.06541486326224438}",0.00632938276088043,0.17857142857142858,0.6428571428571429,0.5714285714285714,0.0,0.32142857142857145,0.42857142857142855,0.7857142857142857,0.5357142857142857,0.7857142857142857,0.4035714285714286,0.14285714285714285,0.35714285714285715,0.5714285714285714,0.2857142857142857,0.0,0.2857142857142857,0.35714285714285715,0.6428571428571429,0.4285714285714286,0.7142857142857143,0.35297619047619044,0.3142857142857143
30,0.5878919923168457,0.06359461007140466,0.07348986433143101,0.6612423429202214,-0.09894363125533512,0.6427357603976718,1.262086530193403,0.6333333333333333,0.6,-0.4292507973606713,-0.06482854,-0.06750557,-0.0701826,1.6589033247051133,5,5,2,信达诚睿进取1号集合资产管理计划,P001608,SM6758,+1.73%,信达期货有限公司,1995,,资管规模无公开披露（非上市，评级报告仅定性描述）,7.3,-0.03618666740626808,-0.09894363125533523,-0.5721890168606042,0.375,0.25,许武庆,2019-06-21,12,0.0162781225,0.75,"{'hs300': 0.08106510111313896, 'zz500': -0.2185418290004484, 'cyb': -0.275047611153292, 'zz1000': -0.1932821321329654}",0.08106510111313896,0.07142857142857142,0.4642857142857143,0.6071428571428571,0.21428571428571427,0.25,0.17857142857142858,0.75,0.5357142857142857,0.7857142857142857,0.37142857142857144,0.07142857142857142,0.14285714285714285,0.5,0.35714285714285715,0.21428571428571427,0.14285714285714285,0.14285714285714285,0.07142857142857142,0.4285714285714286,0.7142857142857143,0.24285714285714288,0.24285714285714288
36,2.383433736438284,0.14503172446062318,0.2128867534950154,0.6108023271803418,-0.1981828525808731,0.731807634070862,3.2019889069474607,0.6666666666666666,0.3888888888888889,3.3571811298747902,-0.06274844,-0.06394011,-0.06513178,2.5382534397967924,17,17,5,博孚利CTA5号,P001012,SM2753,+1.63%,厦门博孚利资产管理有限公司,2015,20,20-50亿（曾超70亿，2025-02报道已降至20-50亿，取保守）,9.0,0.08416319361193403,-0.02935076999999997,1.2770704578983587,0.75,0.75,何阳阳,2017-06-01,15,0.007629611333333334,0.4666666666666667,"{'hs300': 0.08645264500660427, 'zz500': 0.1615461491390286, 'cyb': 0.13398194146063308, 'zz1000': 0.2299124956893117}",0.2299124956893117,0.6071428571428571,0.17857142857142858,0.17857142857142858,0.75,0.17857142857142858,0.32142857142857145,0.07142857142857142,0.0357142857142857,0.1785714285714286,0.33749999999999997,0.35714285714285715,0.07142857142857142,0.0,0.07142857142857142,0.6428571428571429,0.07142857142857142,0.21428571428571427,0.21428571428571427,0.0,0.1428571428571429,0.20357142857142857,0.20357142857142857
22,1.0550000024302566,0.13992132320977424,0.17253904988476304,0.7240176834937241,-0.2846332034119078,0.49158468348925083,1.9054843572157427,0.6818181818181818,0.45454545454545453,0.7963948613930424,-0.07204821,-0.07594688499999999,-0.07984556,1.4320702592985588,12,0,5,洛书裕和建安,P666017,SNP397,+10.32%,上海洛书投资管理有限公司,2015,70,约70亿（口径70~150亿矛盾，取保守）,5.8,0.4893838441391982,0.0,2.8787178040070724,1.0,1.0,谢冬,2020-12-28,10,0.005721771999999999,0.6,"{'hs300': 0.07331930345322059, 'zz500': 0.08738977831919599, 'cyb': 0.07530344344630084, 'zz1000': 0.12406935043822764}",0.12406935043822764,0.32142857142857145,0.07142857142857142,0.2857142857142857,0.07142857142857142,0.2857142857142857,0.03571428571428571,0.42857142857142855,0.1071428571428571,0.1785714285714286,0.19999999999999998,0.21428571428571427,0.0,0.14285714285714285,0.14285714285714285,0.07142857142857142,0.21428571428571427,0.0,0.42857142857142855,0.1428571428571429,0.1428571428571429,0.1824404761904762,0.15357142857142858
25,0.9693202471404454,0.1145270549441002,0.17348870249152207,0.57368032335687,-0.2122673296045715,0.5395416014204839,1.2468568281617456,0.56,0.36,0.36679348341849743,-0.10997536,-0.124639945,-0.13930453,2.1525194087018322,9,3,3,润洲复利一号A,P001710,JY158A,+7.70%,杭州润洲私募基金管理有限公司,2014,50,50-100亿（排排网区间取下限）,6.4,0.1155068973272213,-0.11802477844514558,0.5943960058198657,0.625,0.5,潘正寰、王俊韬,2020-05-14,11,0.039589618181818186,0.6363636363636364,"{'hs300': 0.03207867085742937, 'zz500': -0.13730702934430805, 'cyb': -0.15787831287613174, 'zz1000': -0.07638144761883156}",0.03207867085742937,0.03571428571428571,0.8571428571428571,0.03571428571428571,0.5357142857142857,0.07142857142857142,0.10714285714285714,0.5357142857142857,0.3214285714285714,0.4285714285714286,0.3142857142857143,0.0,0.7857142857142857,0.21428571428571427,0.0,0.42857142857142855,0.0,0.07142857142857142,0.0,0.2142857142857143,0.2857142857142857,0.18214285714285716,0.18214285714285716
