done_key,establish_over_one_year_flag,force_key,fund_card_type,fund_code,fund_index_info,fund_index_type,fund_name,fund_summary_info,fund_type,invest_type,optional_flag,pass_key,symbol,ta_private_fund_code
False,False,False,2,P001286,"{""data_list"": [{""percent"": ""-0.00906843""}, {""percent"": ""0.09773756""}, {""percent"": ""0.14957667""}, {""percent"": ""0.04011742""}, {""percent"": ""0.04605937""}, {""percent"": ""-0.05603865""}, {""percent"": ""0.02889096""}, {""percent"": ""0.05402750""}, {""percent"": ""0.03560529""}, {""percent"": ""-0.04655674""}, {""percent"": ""0.01597744""}, {""percent"": ""0.10718002""}, {""percent"": ""-0.01131687""}, {""percent"": ""0.00000000""}, {""percent"": ""-0.01219512""}, {""percent"": ""-0.02380952""}, {""percent"": ""-0.04182510""}, {""percent"": ""0.15098468""}, {""percent"": ""-0.00109290""}, {""percent"": ""-0.06441718""}, {""percent"": ""-0.02200000""}], ""sub_title"": {""content"": ""成立 21 个季度， &&10个季度&& 正收益，占比 &&48%&&""}, ""title"": {""content"": """"}}",105,远澜红枫私享12号A,"{""first_summary_desc"": ""近5年年化"", ""first_summary_mark_info"": {""color_key"": ""Red010""}, ""first_format_value"": ""+12.30%""}",2,1,2,False,P001286,SQB632
False,False,False,2,P001285,"{""data_list"": [{""percent"": ""-0.01155624""}, {""percent"": ""0.11130137""}, {""percent"": ""0.13721973""}, {""percent"": ""0.03049908""}, {""percent"": ""0.04440154""}, {""percent"": ""-0.04074074""}, {""percent"": ""0.01313321""}, {""percent"": ""0.03595724""}, {""percent"": ""0.02083333""}, {""percent"": ""-0.04182510""}, {""percent"": ""0.01589705""}, {""percent"": ""0.06360709""}, {""percent"": ""-0.00877893""}, {""percent"": ""0.00320256""}, {""percent"": ""-0.01030111""}, {""percent"": ""-0.01329163""}, {""percent"": ""-0.02515244""}, {""percent"": ""0.09424520""}, {""percent"": ""0.00167084""}, {""percent"": ""-0.03467742""}, {""percent"": ""0.05929764""}, {""percent"": ""0.04512635""}, {""percent"": ""0.16549790""}, {""percent"": ""-0.00070077""}, {""percent"": ""0.00990800""}, {""percent"": ""0.12859425""}, {""percent"": ""0.02875924""}, {""percent"": ""0.02961083""}, {""percent"": ""0.09545876""}, {""percent"": ""-0.03401970""}, {""percent"": ""0.05876777""}, {""percent"": ""0.05289421""}, {""percent"": ""0.00602410""}, {""percent"": ""0.03426791""}, {""percent"": ""-0.06231743""}, {""percent"": ""0.02700000""}, {""percent"": ""0.00000000""}], ""sub_title"": {""content"": ""成立 37 个季度， &&25个季度&& 正收益，占比 &&68%&&""}, ""title"": {""content"": """"}}",105,远澜银杏1号,"{""first_summary_desc"": ""近5年年化"", ""first_summary_mark_info"": {""color_key"": ""Red010""}, ""first_format_value"": ""+8.23%""}",2,1,2,False,P001285,SS2703
False,False,False,2,P001734,"{""data_list"": [{""percent"": ""-0.04971672""}, {""percent"": ""0.04740632""}, {""percent"": ""0.18692624""}, {""percent"": ""-0.04076520""}, {""percent"": ""0.15532363""}, {""percent"": ""0.06520927""}, {""percent"": ""0.07040000""}], ""sub_title"": {""content"": ""成立 7 个季度， &&5个季度&& 正收益，占比 &&71%&&""}, ""title"": {""content"": """"}}",105,博衍九溪CTA2号A,"{""first_summary_desc"": ""近1年收益"", ""first_summary_mark_info"": {""color_key"": ""Red010""}, ""first_format_value"": ""+27.69%""}",2,1,2,False,P001734,SAPX61
False,False,False,2,P001391,"{""data_list"": [{""percent"": ""-0.04187961""}, {""percent"": ""0.06493310""}, {""percent"": ""0.09285419""}, {""percent"": ""0.22513680""}, {""percent"": ""0.08664464""}, {""percent"": ""-0.01643149""}, {""percent"": ""0.13329826""}, {""percent"": ""0.09277995""}, {""percent"": ""-0.01606335""}, {""percent"": ""0.00763707""}, {""percent"": ""0.01211352""}, {""percent"": ""0.02896486""}, {""percent"": ""-0.01749475""}, {""percent"": ""-0.06814477""}, {""percent"": ""-0.01053877""}, {""percent"": ""-0.01032354""}, {""percent"": ""-0.10921502""}, {""percent"": ""0.05490549""}], ""sub_title"": {""content"": ""成立 18 个季度， &&10个季度&& 正收益，占比 &&56%&&""}, ""title"": {""content"": """"}}",105,洛书管理期货拾壹号,"{""first_summary_desc"": ""近3年年化"", ""first_summary_mark_info"": {""color_key"": ""Red010""}, ""first_format_value"": ""+23.43%""}",2,1,2,False,P001391,STL229
False,False,False,2,P001155,"{""data_list"": [{""percent"": ""-0.09491860""}, {""percent"": ""0.12379449""}, {""percent"": ""0.03942892""}, {""percent"": ""0.07091737""}, {""percent"": ""0.06080475""}, {""percent"": ""0.08808952""}, {""percent"": ""0.04693765""}, {""percent"": ""0.12777088""}, {""percent"": ""-0.01725340""}, {""percent"": ""-0.07317073""}, {""percent"": ""0.00863473""}, {""percent"": ""0.18129330""}, {""percent"": ""-0.07031669""}, {""percent"": ""0.04800300""}, {""percent"": ""0.02884152""}, {""percent"": ""-0.00413064""}, {""percent"": ""-0.06253860""}, {""percent"": ""0.26053528""}, {""percent"": ""0.01531621""}, {""percent"": ""0.02522541""}, {""percent"": ""-0.01290000""}], ""sub_title"": {""content"": ""成立 21 个季度， &&14个季度&& 正收益，占比 &&67%&&""}, ""title"": {""content"": """"}}",105,均成CTA增强5号,"{""first_summary_desc"": ""近5年年化"", ""first_summary_mark_info"": {""color_key"": ""Red010""}, ""first_format_value"": ""+16.60%""}",2,1,2,False,P001155,SQG280
False,False,False,2,P001728,"{""data_list"": [{""percent"": ""-0.03740721""}, {""percent"": ""0.03609278""}, {""percent"": ""0.13094993""}, {""percent"": ""-0.01940900""}, {""percent"": ""0.09308472""}, {""percent"": ""0.03589354""}, {""percent"": ""-0.01571856""}, {""percent"": ""0.15073213""}, {""percent"": ""0.17951844""}, {""percent"": ""0.01026378""}, {""percent"": ""0.04426581""}, {""percent"": ""0.01017757""}, {""percent"": ""-0.07640000""}], ""sub_title"": {""content"": ""成立 13 个季度， &&9个季度&& 正收益，占比 &&69%&&""}, ""title"": {""content"": """"}}",105,博衍九溪CTA1号,"{""first_summary_desc"": ""近3年年化"", ""first_summary_mark_info"": {""color_key"": ""Red010""}, ""first_format_value"": ""+21.74%""}",2,1,2,False,P001728,SZT587
False,False,False,2,P001018,"{""data_list"": [{""percent"": ""0.06700456""}, {""percent"": ""0.07406940""}, {""percent"": ""0.05881960""}, {""percent"": ""0.28122951""}, {""percent"": ""0.10317385""}, {""percent"": ""0.01448767""}, {""percent"": ""0.11412522""}, {""percent"": ""0.15317125""}, {""percent"": ""-0.05749836""}, {""percent"": ""-0.05430294""}, {""percent"": ""0.03482832""}, {""percent"": ""0.06410205""}, {""percent"": ""-0.04301448""}, {""percent"": ""-0.06948078""}, {""percent"": ""-0.01936187""}, {""percent"": ""-0.05774452""}, {""percent"": ""-0.07996466""}, {""percent"": ""0.04617885""}, {""percent"": ""0.04138595""}, {""percent"": ""0.11650054""}, {""percent"": ""0.06566893""}, {""percent"": ""-0.01810709""}, {""percent"": ""0.12335032""}, {""percent"": ""0.33273350""}, {""percent"": ""0.21299817""}, {""percent"": ""0.11703634""}, {""percent"": ""0.04401380""}, {""percent"": ""-0.02278928""}, {""percent"": ""0.02830267""}, {""percent"": ""0.20815472""}, {""percent"": ""-0.00908821""}], ""sub_title"": {""content"": ""成立 31 个季度， &&21个季度&& 正收益，占比 &&68%&&""}, ""title"": {""content"": """"}}",105,洛书裕和延平,"{""first_summary_desc"": ""近5年年化"", ""first_summary_mark_info"": {""color_key"": ""Red010""}, ""first_format_value"": ""+11.15%""}",2,1,2,False,P001018,SED534
False,False,False,2,P001515,"{""data_list"": [{""percent"": ""-0.07773601""}, {""percent"": ""0.09277631""}, {""percent"": ""0.04376669""}, {""percent"": ""-0.01119910""}, {""percent"": ""-0.00942948""}, {""percent"": ""0.04634773""}, {""percent"": ""0.02673023""}, {""percent"": ""0.02719482""}, {""percent"": ""0.00607020""}, {""percent"": ""-0.02471042""}, {""percent"": ""0.01941748""}, {""percent"": ""0.14789157""}, {""percent"": ""-0.00400000""}], ""sub_title"": {""content"": ""成立 13 个季度， &&8个季度&& 正收益，占比 &&62%&&""}, ""title"": {""content"": """"}}",105,均成CTA增强25号1期,"{""first_summary_desc"": ""近3年年化"", ""first_summary_mark_info"": {""color_key"": ""Red010""}, ""first_format_value"": ""+8.88%""}",2,1,2,False,P001515,SZK280
False,False,False,2,P001481,"{""data_list"": [{""percent"": ""0.02028248""}, {""percent"": ""0.06311654""}, {""percent"": ""0.07414911""}, {""percent"": ""0.07810589""}, {""percent"": ""0.08001510""}, {""percent"": ""-0.01704591""}, {""percent"": ""-0.01484027""}, {""percent"": ""0.12662795""}, {""percent"": ""-0.00359491""}, {""percent"": ""0.00688620""}, {""percent"": ""-0.00640351""}, {""percent"": ""0.03401361""}, {""percent"": ""0.04324375""}, {""percent"": ""-0.03789850""}, {""percent"": ""0.03119758""}, {""percent"": ""-0.02565779""}, {""percent"": ""0.07501757""}, {""percent"": ""0.11020090""}, {""percent"": ""-0.04275579""}, {""percent"": ""0.00140226""}, {""percent"": ""-0.04593293""}, {""percent"": ""0.08506726""}, {""percent"": ""0.10914744""}, {""percent"": ""0.05544041""}, {""percent"": ""0.04080532""}, {""percent"": ""0.07876742""}, {""percent"": ""0.09902968""}, {""percent"": ""0.01949374""}, {""percent"": ""0.00673697""}, {""percent"": ""0.00107516""}, {""percent"": ""0.06317760""}, {""percent"": ""0.12970306""}, {""percent"": ""-0.10028540""}, {""percent"": ""0.09363621""}, {""percent"": ""-0.01921769""}, {""percent"": ""0.21562952""}, {""percent"": ""0.00207168""}, {""percent"": ""-0.03460000""}], ""sub_title"": {""content"": ""成立 38 个季度， &&27个季度&& 正收益，占比 &&71%&&""}, ""title"": {""content"": """"}}",105,宏锡量化CTA7号,"{""first_summary_desc"": ""近5年年化"", ""first_summary_mark_info"": {""color_key"": ""Red010""}, ""first_format_value"": ""+11.00%""}",2,1,2,False,P001481,SN3221
False,False,False,2,P001289,"{""data_list"": [{""percent"": ""0.01990050""}, {""percent"": ""0.06083571""}, {""percent"": ""0.07024332""}, {""percent"": ""0.06186789""}, {""percent"": ""0.08981314""}, {""percent"": ""-0.02534620""}, {""percent"": ""-0.01602114""}, {""percent"": ""0.11665437""}, {""percent"": ""-0.00440690""}, {""percent"": ""-0.00036711""}, {""percent"": ""-0.01491728""}, {""percent"": ""0.03402823""}, {""percent"": ""0.04178029""}, {""percent"": ""-0.04198545""}, {""percent"": ""0.03097345""}, {""percent"": ""-0.03058560""}, {""percent"": ""0.07240000""}, {""percent"": ""0.09709270""}, {""percent"": ""-0.04173675""}, {""percent"": ""-0.02290704""}, {""percent"": ""-0.02650000""}], ""sub_title"": {""content"": ""成立 21 个季度， &&11个季度&& 正收益，占比 &&52%&&""}, ""title"": {""content"": """"}}",105,宏锡量化CTA7号二期,"{""first_summary_desc"": ""近5年年化"", ""first_summary_mark_info"": {""color_key"": ""Red010""}, ""first_format_value"": ""+11.11%""}",2,1,2,False,P001289,SQP622
False,False,False,2,P001876,"{""data_list"": [{""percent"": ""-0.11567968""}, {""percent"": ""0.15260805""}, {""percent"": ""0.03977273""}, {""percent"": ""0.03873806""}, {""percent"": ""-0.03729339""}, {""percent"": ""0.02760085""}, {""percent"": ""-0.02403647""}, {""percent"": ""-0.03179858""}, {""percent"": ""-0.00310000""}], ""sub_title"": {""content"": ""成立 9 个季度， &&4个季度&& 正收益，占比 &&44%&&""}, ""title"": {""content"": """"}}",105,南华商品指数集合资产管理计划,"{""first_summary_desc"": ""近1年收益"", ""first_summary_mark_info"": {""color_key"": ""Red010""}, ""first_format_value"": ""+18.22%""}",2,1,2,False,P001876,SADC05
False,False,False,2,P000934,"{""data_list"": [{""percent"": ""0.06417992""}, {""percent"": ""0.00997230""}, {""percent"": ""0.03201830""}, {""percent"": ""0.08633540""}, {""percent"": ""-0.03535051""}, {""percent"": ""0.03664596""}, {""percent"": ""0.00750939""}, {""percent"": ""0.05478548""}, {""percent"": ""0.02088949""}, {""percent"": ""-0.03133159""}, {""percent"": ""-0.00390117""}, {""percent"": ""0.08157525""}, {""percent"": ""-0.04563758""}, {""percent"": ""-0.06052963""}, {""percent"": ""-0.04342581""}, {""percent"": ""-0.01132976""}, {""percent"": ""-0.00651659""}, {""percent"": ""0.09114415""}, {""percent"": ""0.05886379""}, {""percent"": ""0.02598315""}, {""percent"": ""0.00000000""}, {""percent"": ""0.12747427""}, {""percent"": ""0.06943268""}, {""percent"": ""0.06014363""}, {""percent"": ""0.12298387""}, {""percent"": ""-0.00700701""}, {""percent"": ""-0.05665722""}, {""percent"": ""0.04540967""}, {""percent"": ""0.01300000""}], ""sub_title"": {""content"": ""成立 29 个季度， &&18个季度&& 正收益，占比 &&62%&&""}, ""title"": {""content"": """"}}",105,富善投资-沣时1号致远CTA1期,"{""first_summary_desc"": ""近5年年化"", ""first_summary_mark_info"": {""color_key"": ""Red010""}, ""first_format_value"": ""+5.62%""}",2,1,2,False,P000934,SED983
False,False,False,2,P002107,"{""data_list"": [{""percent"": ""-0.13124060""}, {""percent"": ""0.12641553""}, {""percent"": ""0.06980386""}], ""sub_title"": {""content"": ""成立 3 个季度， &&2个季度&& 正收益，占比 &&67%&&""}, ""title"": {""content"": """"}}",105,千象商品期货指数增强1号B,"{""first_summary_desc"": ""近1年收益"", ""first_summary_mark_info"": {""color_key"": ""Red010""}, ""first_format_value"": ""+17.43%""}",2,1,2,False,P002107,AMQ76B
False,False,False,2,P001609,"{""data_list"": [{""percent"": ""0.02877118""}, {""percent"": ""0.12696970""}, {""percent"": ""-0.03762030""}, {""percent"": ""0.05345622""}, {""percent"": ""-0.08335680""}, {""percent"": ""0.00709019""}, {""percent"": ""0.09707530""}, {""percent"": ""0.25302144""}, {""percent"": ""-0.00427019""}, {""percent"": ""0.07647305""}, {""percent"": ""0.00715488""}, {""percent"": ""0.08473338""}, {""percent"": ""-0.00118559""}, {""percent"": ""0.04032258""}, {""percent"": ""-0.00659755""}, {""percent"": ""-0.01531323""}, {""percent"": ""0.03208812""}, {""percent"": ""-0.03645593""}, {""percent"": ""0.02750119""}, {""percent"": ""0.09218022""}, {""percent"": ""-0.04829966""}, {""percent"": ""0.11667584""}, {""percent"": ""0.05700989""}, {""percent"": ""0.01356132""}, {""percent"": ""0.06265664""}, {""percent"": ""0.21276596""}, {""percent"": ""0.08045977""}, {""percent"": ""-0.00082034""}, {""percent"": ""0.04635193""}, {""percent"": ""0.12235067""}, {""percent"": ""0.04848485""}, {""percent"": ""0.05769231""}, {""percent"": ""-0.08145240""}, {""percent"": ""0.02104208""}, {""percent"": ""-0.00100100""}, {""percent"": ""-0.00100000""}], ""sub_title"": {""content"": ""成立 36 个季度， &&24个季度&& 正收益，占比 &&67%&&""}, ""title"": {""content"": """"}}",105,旭诺CTA一号,"{""first_summary_desc"": ""近5年年化"", ""first_summary_mark_info"": {""color_key"": ""Red010""}, ""first_format_value"": ""+14.23%""}",2,1,2,False,P001609,SW8015
False,False,False,2,P001097,"{""data_list"": [{""percent"": ""-0.00753216""}, {""percent"": ""0.00978507""}, {""percent"": ""0.08760108""}, {""percent"": ""0.02505716""}, {""percent"": ""0.06786041""}, {""percent"": ""-0.01591910""}, {""percent"": ""0.05497755""}, {""percent"": ""0.08821839""}, {""percent"": ""0.02976860""}, {""percent"": ""0.00225399""}, {""percent"": ""0.03671135""}, {""percent"": ""0.06211221""}, {""percent"": ""-0.03345748""}, {""percent"": ""-0.07761733""}, {""percent"": ""0.00046604""}, {""percent"": ""-0.01003460""}, {""percent"": ""-0.04876845""}, {""percent"": ""0.12684676""}, {""percent"": ""0.00328703""}, {""percent"": ""0.04335447""}, {""percent"": ""0.00116611""}, {""percent"": ""0.04058245""}, {""percent"": ""0.07259581""}, {""percent"": ""0.07018494""}, {""percent"": ""0.04310275""}, {""percent"": ""0.08704045""}, {""percent"": ""0.01306667""}, {""percent"": ""-0.03665011""}, {""percent"": ""0.12787329""}, {""percent"": ""0.03384923""}, {""percent"": ""0.00978020""}, {""percent"": ""-0.00820000""}], ""sub_title"": {""content"": ""成立 32 个季度， &&24个季度&& 正收益，占比 &&75%&&""}, ""title"": {""content"": """"}}",105,会世元丰CTA1号,"{""first_summary_desc"": ""近5年年化"", ""first_summary_mark_info"": {""color_key"": ""Red010""}, ""first_format_value"": ""+8.96%""}",2,1,2,False,P001097,SEC905
False,False,False,2,P000936,"{""data_list"": [{""percent"": ""-0.00794839""}, {""percent"": ""0.00906203""}, {""percent"": ""0.08676704""}, {""percent"": ""0.02888423""}, {""percent"": ""0.06671636""}, {""percent"": ""-0.00929288""}, {""percent"": ""0.05877370""}, {""percent"": ""0.08990839""}, {""percent"": ""0.02399825""}, {""percent"": ""0.00636710""}, {""percent"": ""0.02837360""}, {""percent"": ""0.07066882""}, {""percent"": ""-0.03887856""}, {""percent"": ""-0.08684583""}, {""percent"": ""-0.00028281""}, {""percent"": ""-0.01083992""}, {""percent"": ""-0.05529863""}, {""percent"": ""0.14225341""}, {""percent"": ""-0.00188310""}, {""percent"": ""0.05039956""}, {""percent"": ""-0.00886136""}, {""percent"": ""0.04980654""}, {""percent"": ""0.08805088""}, {""percent"": ""0.06374464""}, {""percent"": ""0.02440215""}, {""percent"": ""0.02603906""}, {""percent"": ""0.01052525""}], ""sub_title"": {""content"": ""成立 27 个季度， &&18个季度&& 正收益，占比 &&67%&&""}, ""title"": {""content"": """"}}",105,会世元丰CTA2号,"{""first_summary_desc"": ""近5年年化"", ""first_summary_mark_info"": {""color_key"": ""Red010""}, ""first_format_value"": ""+8.85%""}",2,1,2,False,P000936,SGY945
False,False,False,2,P666017,"{""data_list"": [{""percent"": ""0.06964397""}, {""percent"": ""0.05950477""}, {""percent"": ""0.05700962""}, {""percent"": ""0.27917381""}, {""percent"": ""0.10880529""}, {""percent"": ""0.01044277""}, {""percent"": ""0.11921459""}, {""percent"": ""0.15446891""}, {""percent"": ""-0.05421133""}, {""percent"": ""-0.04736433""}, {""percent"": ""0.02084988""}, {""percent"": ""0.04687662""}, {""percent"": ""-0.05323755""}, {""percent"": ""-0.07204821""}, {""percent"": ""-0.02293005""}, {""percent"": ""-0.05941591""}, {""percent"": ""-0.07984556""}, {""percent"": ""0.03484098""}, {""percent"": ""0.04300717""}, {""percent"": ""0.10703082""}, {""percent"": ""0.07232611""}, {""percent"": ""0.01070000""}], ""sub_title"": {""content"": ""成立 22 个季度， &&15个季度&& 正收益，占比 &&68%&&""}, ""title"": {""content"": """"}}",105,洛书裕和建安,"{""first_summary_desc"": ""近5年年化"", ""first_summary_mark_info"": {""color_key"": ""Red010""}, ""first_format_value"": ""+10.32%""}",2,1,2,False,P666017,SNP397
False,False,False,2,P001054,"{""data_list"": [{""percent"": ""-0.03338769""}, {""percent"": ""0.00060117""}, {""percent"": ""0.06737556""}, {""percent"": ""0.02086843""}, {""percent"": ""0.13971843""}, {""percent"": ""0.03545003""}, {""percent"": ""0.12680438""}, {""percent"": ""-0.04230723""}, {""percent"": ""0.01364734""}, {""percent"": ""-0.05479452""}, {""percent"": ""0.03546099""}, {""percent"": ""0.07224335""}, {""percent"": ""-0.03308824""}, {""percent"": ""-0.14733542""}, {""percent"": ""-0.04586241""}, {""percent"": ""-0.10923623""}, {""percent"": ""-0.06322795""}, {""percent"": ""0.20200000""}, {""percent"": ""-0.02777778""}, {""percent"": ""0.15200000""}, {""percent"": ""0.04712042""}, {""percent"": ""-0.04500000""}, {""percent"": ""0.12169312""}, {""percent"": ""0.09169675""}, {""percent"": ""0.04292169""}, {""percent"": ""0.20547945""}, {""percent"": ""0.11784288""}, {""percent"": ""0.01349528""}, {""percent"": ""0.23913043""}, {""percent"": ""0.18181818""}, {""percent"": ""0.03160041""}, {""percent"": ""-0.01900000""}], ""sub_title"": {""content"": ""成立 32 个季度， &&21个季度&& 正收益，占比 &&66%&&""}, ""title"": {""content"": """"}}",105,量道CTA精选1号,"{""first_summary_desc"": ""近5年年化"", ""first_summary_mark_info"": {""color_key"": ""Red010""}, ""first_format_value"": ""+3.11%""}",2,1,2,False,P001054,SEE186
False,False,False,2,P001482,"{""data_list"": [{""percent"": ""0.13558484""}, {""percent"": ""0.06315739""}, {""percent"": ""0.04355635""}, {""percent"": ""0.22887799""}, {""percent"": ""0.05532190""}, {""percent"": ""0.00566111""}, {""percent"": ""0.06485588""}, {""percent"": ""0.20962199""}, {""percent"": ""-0.04939845""}, {""percent"": ""-0.06286866""}, {""percent"": ""0.00434946""}, {""percent"": ""-0.00766483""}, {""percent"": ""0.06086682""}, {""percent"": ""0.07193027""}, {""percent"": ""0.07583758""}, {""percent"": ""-0.02390474""}, {""percent"": ""0.02142144""}, {""percent"": ""-0.03874008""}, {""percent"": ""0.14587083""}, {""percent"": ""0.00020000""}], ""sub_title"": {""content"": ""成立 20 个季度， &&15个季度&& 正收益，占比 &&75%&&""}, ""title"": {""content"": """"}}",105,量派聚核20号,"{""first_summary_desc"": ""近5年年化"", ""first_summary_mark_info"": {""color_key"": ""Red010""}, ""first_format_value"": ""+17.16%""}",2,1,2,False,P001482,SSS088
False,False,False,2,P001547,"{""data_list"": [{""percent"": ""0.02140673""}, {""percent"": ""0.05309661""}, {""percent"": ""0.04468599""}, {""percent"": ""-0.01912337""}, {""percent"": ""0.04732364""}, {""percent"": ""-0.01372258""}, {""percent"": ""0.01706818""}, {""percent"": ""0.10773018""}, {""percent"": ""-0.01023392""}], ""sub_title"": {""content"": ""成立 9 个季度， &&6个季度&& 正收益，占比 &&67%&&""}, ""title"": {""content"": """"}}",105,量派CTA八号C,"{""first_summary_desc"": ""近1年收益"", ""first_summary_mark_info"": {""color_key"": ""Red010""}, ""first_format_value"": ""+11.72%""}",2,1,2,False,P001547,AGZ17C
False,False,False,2,P001025,"{""data_list"": [{""percent"": ""0.15224777""}, {""percent"": ""0.03212917""}, {""percent"": ""0.04209274""}, {""percent"": ""0.27016622""}, {""percent"": ""0.04445530""}, {""percent"": ""0.03139413""}, {""percent"": ""0.08943124""}, {""percent"": ""0.25194270""}, {""percent"": ""-0.08714954""}, {""percent"": ""-0.09284714""}, {""percent"": ""-0.02534346""}, {""percent"": ""-0.00344402""}, {""percent"": ""-0.04475854""}, {""percent"": ""0.06732270""}, {""percent"": ""0.02206469""}, {""percent"": ""-0.12414141""}, {""percent"": ""-0.00247745""}, {""percent"": ""-0.02317931""}, {""percent"": ""-0.00582685""}, {""percent"": ""0.14991570""}, {""percent"": ""0.19101066""}, {""percent"": ""0.01669807""}, {""percent"": ""0.07494936""}, {""percent"": ""0.12140333""}, {""percent"": ""0.18640515""}, {""percent"": ""0.01744230""}, {""percent"": ""0.09875303""}, {""percent"": ""-0.00607220""}, {""percent"": ""-0.02474244""}, {""percent"": ""0.29580574""}, {""percent"": ""-0.04879512""}], ""sub_title"": {""content"": ""成立 31 个季度， &&19个季度&& 正收益，占比 &&61%&&""}, ""title"": {""content"": """"}}",105,千象卓越3号中证500指数增强A,"{""first_summary_desc"": ""近5年年化"", ""first_summary_mark_info"": {""color_key"": ""Red010""}, ""first_format_value"": ""+7.41%""}",2,1,2,False,P001025,ES717A
False,False,False,2,P001987,"{""data_list"": [{""fund_point"": ""0.00000000""}, {""fund_point"": ""-0.00898600""}, {""fund_point"": ""0.00028377""}, {""fund_point"": ""0.00066213""}, {""fund_point"": ""0.00510783""}, {""fund_point"": ""0.00170261""}, {""fund_point"": ""0.01172910""}, {""fund_point"": ""0.00728339""}, {""fund_point"": ""-0.00179720""}, {""fund_point"": ""0.00132425""}, {""fund_point"": ""-0.00368899""}, {""fund_point"": ""-0.02487703""}, {""fund_point"": ""-0.00444571""}, {""fund_point"": ""0.00312145""}, {""fund_point"": ""0.00312145""}, {""fund_point"": ""-0.01570185""}, {""fund_point"": ""-0.02402573""}, {""fund_point"": ""-0.01021566""}, {""fund_point"": ""-0.00917518""}, {""fund_point"": ""-0.01674234""}, {""fund_point"": ""-0.01958002""}, {""fund_point"": ""-0.01428301""}, {""fund_point"": ""-0.01891790""}, {""fund_point"": ""-0.00652667""}, {""fund_point"": ""-0.00416194""}, {""fund_point"": ""0.00501324""}, {""fund_point"": ""0.00321604""}, {""fund_point"": ""0.00009459""}, {""fund_point"": ""0.00510783""}], ""percent_list"": [""0.51"", ""0.00""], ""chart_mark_data"": {""label_stock_info"": ""无"", ""label_fund_info"": ""本基金"", ""label_date_info"": ""2026.03.27 以来""}}",101,悬铃尊享稳健CTA5号,"{""first_summary_desc"": ""近6个月收益"", ""first_summary_mark_info"": {""color_key"": ""Red010""}, ""first_format_value"": ""+0.51%""}",2,1,2,False,P001987,SZF450
False,False,False,2,P001497,"{""data_list"": [{""percent"": ""0.01379548""}, {""percent"": ""0.04832781""}, {""percent"": ""0.03900576""}, {""percent"": ""-0.01994232""}, {""percent"": ""0.04461252""}, {""percent"": ""-0.01328189""}, {""percent"": ""0.04376815""}, {""percent"": ""0.18761270""}, {""percent"": ""-0.00654257""}, {""percent"": ""0.05653390""}, {""percent"": ""0.09675090""}, {""percent"": ""0.02916589""}, {""percent"": ""0.03389993""}], ""sub_title"": {""content"": ""成立 13 个季度， &&10个季度&& 正收益，占比 &&77%&&""}, ""title"": {""content"": """"}}",105,量派CTA七号C,"{""first_summary_desc"": ""近3年年化"", ""first_summary_mark_info"": {""color_key"": ""Red010""}, ""first_format_value"": ""+16.16%""}",2,1,2,False,P001497,ZC678C
False,False,False,2,P001147,"{""data_list"": [{""percent"": ""0.02956944""}, {""percent"": ""0.03082635""}, {""percent"": ""0.02568417""}, {""percent"": ""0.05198919""}, {""percent"": ""0.10209190""}, {""percent"": ""0.02173913""}, {""percent"": ""0.05208534""}, {""percent"": ""0.12899954""}, {""percent"": ""-0.02700520""}, {""percent"": ""0.06426048""}, {""percent"": ""0.01580989""}, {""percent"": ""-0.07016595""}, {""percent"": ""-0.00991160""}, {""percent"": ""-0.00462181""}, {""percent"": ""0.01068990""}, {""percent"": ""-0.04207899""}, {""percent"": ""-0.01123118""}, {""percent"": ""-0.01409278""}, {""percent"": ""-0.06589876""}, {""percent"": ""0.03621306""}, {""percent"": ""0.05925862""}, {""percent"": ""-0.00623932""}, {""percent"": ""0.17987664""}, {""percent"": ""0.13453464""}, {""percent"": ""0.07111403""}], ""sub_title"": {""content"": ""成立 25 个季度， &&16个季度&& 正收益，占比 &&64%&&""}, ""title"": {""content"": """"}}",105,瑞达期货-瑞智进取共赢5号集合资产管理计划,"{""first_summary_desc"": ""近5年年化"", ""first_summary_mark_info"": {""color_key"": ""Red010""}, ""first_format_value"": ""+3.97%""}",2,1,2,False,P001147,SJK472
False,False,False,2,P001585,"{""data_list"": [{""percent"": ""0.02715655""}, {""percent"": ""-0.02492212""}, {""percent"": ""-0.04888889""}, {""percent"": ""0.02427921""}, {""percent"": ""0.00151976""}, {""percent"": ""0.00765697""}, {""percent"": ""0.01161890""}, {""percent"": ""-0.01450382""}, {""percent"": ""-0.07616361""}, {""percent"": ""0.04341428""}, {""percent"": ""0.07698229""}, {""percent"": ""0.10365336""}, {""percent"": ""0.00512383""}, {""percent"": ""-0.01926298""}, {""percent"": ""0.00000000""}, {""percent"": ""-0.01485149""}, {""percent"": ""-0.01857585""}, {""percent"": ""0.12937063""}, {""percent"": ""-0.01927913""}, {""percent"": ""0.08751139""}, {""percent"": ""-0.03687445""}, {""percent"": ""0.06150979""}, {""percent"": ""0.12818406""}, {""percent"": ""0.06102877""}, {""percent"": ""0.06007394""}, {""percent"": ""0.12008282""}, {""percent"": ""-0.00821355""}, {""percent"": ""-0.02600000""}], ""sub_title"": {""content"": ""成立 28 个季度， &&16个季度&& 正收益，占比 &&57%&&""}, ""title"": {""content"": """"}}",105,佑维CTA平衡一号,"{""first_summary_desc"": ""近5年年化"", ""first_summary_mark_info"": {""color_key"": ""Red010""}, ""first_format_value"": ""+6.07%""}",2,1,2,False,P001585,SGW076
False,False,False,2,P001697,"{""data_list"": [{""percent"": ""-0.02357019""}, {""percent"": ""0.01561741""}, {""percent"": ""0.04322954""}, {""percent"": ""-0.00367939""}, {""percent"": ""0.04832854""}, {""percent"": ""-0.01427027""}, {""percent"": ""0.10127788""}, {""percent"": ""0.03034020""}, {""percent"": ""0.05459250""}, {""percent"": ""0.04846731""}, {""percent"": ""0.07896996""}, {""percent"": ""0.08137376""}, {""percent"": ""-0.01961577""}, {""percent"": ""-0.01100000""}], ""sub_title"": {""content"": ""成立 14 个季度， &&9个季度&& 正收益，占比 &&64%&&""}, ""title"": {""content"": """"}}",105,安贤CTA量化一号,"{""first_summary_desc"": ""近3年年化"", ""first_summary_mark_info"": {""color_key"": ""Red010""}, ""first_format_value"": ""+13.56%""}",2,1,2,False,P001697,SZB647
False,False,False,2,P001012,"{""data_list"": [{""percent"": ""-0.02935077""}, {""percent"": ""0.02533963""}, {""percent"": ""0.02980535""}, {""percent"": ""0.05216000""}, {""percent"": ""-0.01044965""}, {""percent"": ""0.02933507""}, {""percent"": ""0.02711751""}, {""percent"": ""0.04185560""}, {""percent"": ""0.00174703""}, {""percent"": ""0.01345609""}, {""percent"": ""-0.03088538""}, {""percent"": ""0.00760719""}, {""percent"": ""-0.01364256""}, {""percent"": ""-0.03837324""}, {""percent"": ""-0.01198963""}, {""percent"": ""-0.06513178""}, {""percent"": ""-0.06274844""}, {""percent"": ""0.12776177""}, {""percent"": ""-0.02891791""}, {""percent"": ""0.04755700""}, {""percent"": ""-0.00130124""}, {""percent"": ""0.01318392""}, {""percent"": ""0.07856381""}, {""percent"": ""0.11273734""}, {""percent"": ""0.00158479""}, {""percent"": ""0.22227603""}, {""percent"": ""0.12779902""}, {""percent"": ""0.01892042""}, {""percent"": ""0.56125109""}, {""percent"": ""0.02767857""}, {""percent"": ""-0.00444444""}, {""percent"": ""0.07244995""}, {""percent"": ""0.02944063""}, {""percent"": ""0.03556911""}, {""percent"": ""-0.04558681""}, {""percent"": ""0.03514056""}], ""sub_title"": {""content"": ""成立 36 个季度， &&24个季度&& 正收益，占比 &&67%&&""}, ""title"": {""content"": """"}}",105,博孚利CTA5号,"{""first_summary_desc"": ""近5年年化"", ""first_summary_mark_info"": {""color_key"": ""Red010""}, ""first_format_value"": ""+1.63%""}",2,1,2,False,P001012,SM2753
False,False,False,2,P001595,"{""data_list"": [{""percent"": ""0.03206360""}, {""percent"": ""-0.01969853""}, {""percent"": ""0.03756924""}, {""percent"": ""0.09966455""}, {""percent"": ""0.00404754""}, {""percent"": ""0.01459152""}, {""percent"": ""0.06237100""}, {""percent"": ""0.06438055""}, {""percent"": ""-0.02680082""}, {""percent"": ""0.07350411""}, {""percent"": ""0.00340807""}, {""percent"": ""0.07677451""}, {""percent"": ""0.01489758""}, {""percent"": ""0.01270471""}, {""percent"": ""0.00850851""}, {""percent"": ""-0.00100000""}], ""sub_title"": {""content"": ""成立 16 个季度， &&13个季度&& 正收益，占比 &&81%&&""}, ""title"": {""content"": """"}}",105,因诺CTA2号B,"{""first_summary_desc"": ""近3年年化"", ""first_summary_mark_info"": {""color_key"": ""Red010""}, ""first_format_value"": ""+9.93%""}",2,1,2,False,P001595,XJ080B
False,False,False,2,P001282,"{""data_list"": [{""percent"": ""0.00086655""}, {""percent"": ""0.02214349""}, {""percent"": ""-0.01483421""}, {""percent"": ""0.00526316""}, {""percent"": ""0.01785714""}, {""percent"": ""0.00628931""}, {""percent"": ""-0.02282704""}, {""percent"": ""-0.00175285""}, {""percent"": ""0.03164557""}, {""percent"": ""-0.00628931""}, {""percent"": ""0.00000000""}, {""percent"": ""-0.00802139""}, {""percent"": ""-0.00551809""}, {""percent"": ""-0.01271186""}, {""percent"": ""0.04623179""}, {""percent"": ""-0.01619938""}, {""percent"": ""0.02950609""}, {""percent"": ""0.02296588""}, {""percent"": ""0.11485004""}, {""percent"": ""0.19597550""}, {""percent"": ""0.02053571""}, {""percent"": ""0.06768351""}, {""percent"": ""0.00191022""}, {""percent"": ""0.06510682""}, {""percent"": ""0.05246253""}, {""percent"": ""0.01411509""}, {""percent"": ""0.01431718""}, {""percent"": ""-0.10276680""}, {""percent"": ""0.01200000""}], ""sub_title"": {""content"": ""成立 29 个季度， &&19个季度&& 正收益，占比 &&66%&&""}, ""title"": {""content"": """"}}",105,远澜云杉2号,"{""first_summary_desc"": ""近5年年化"", ""first_summary_mark_info"": {""color_key"": ""Red010""}, ""first_format_value"": ""+2.76%""}",2,1,2,False,P001282,XY1006
False,False,False,2,P001266,"{""data_list"": [{""percent"": ""-0.00087184""}, {""percent"": ""-0.02216539""}, {""percent"": ""0.01792382""}, {""percent"": ""0.04527713""}, {""percent"": ""0.02562050""}, {""percent"": ""-0.03253292""}, {""percent"": ""-0.03295880""}, {""percent"": ""-0.05520170""}, {""percent"": ""0.04126750""}, {""percent"": ""0.08041401""}, {""percent"": ""0.00641026""}, {""percent"": ""0.01052632""}, {""percent"": ""0.00145138""}, {""percent"": ""0.01998520""}, {""percent"": ""0.01350338""}, {""percent"": ""0.04467085""}, {""percent"": ""0.02820306""}, {""percent"": ""0.15664557""}, {""percent"": ""0.00158479""}, {""percent"": ""0.11978705""}, {""percent"": ""0.04651163""}, {""percent"": ""0.02870813""}, {""percent"": ""0.02786885""}, {""percent"": ""0.01921470""}, {""percent"": ""0.00927487""}, {""percent"": ""0.03580786""}, {""percent"": ""0.00174978""}, {""percent"": ""0.11186770""}, {""percent"": ""0.13253012""}, {""percent"": ""0.01529052""}, {""percent"": ""-0.01900000""}], ""sub_title"": {""content"": ""成立 31 个季度， &&25个季度&& 正收益，占比 &&81%&&""}, ""title"": {""content"": """"}}",105,思瑞二号,"{""first_summary_desc"": ""近5年年化"", ""first_summary_mark_info"": {""color_key"": ""Red010""}, ""first_format_value"": ""+7.59%""}",2,1,2,False,P001266,SM2082
False,False,False,2,P001701,"{""data_list"": [{""percent"": ""0.02732240""}, {""percent"": ""0.01453171""}, {""percent"": ""0.01561167""}, {""percent"": ""0.01060436""}, {""percent"": ""0.00572271""}, {""percent"": ""0.04248396""}, {""percent"": ""0.07366071""}, {""percent"": ""-0.00164713""}, {""percent"": ""0.03210000""}, {""percent"": ""0.00000000""}], ""sub_title"": {""content"": ""成立 10 个季度， &&8个季度&& 正收益，占比 &&80%&&""}, ""title"": {""content"": """"}}",105,黑翼中性多策略9号C,"{""first_summary_desc"": ""近1年收益"", ""first_summary_mark_info"": {""color_key"": ""Red010""}, ""first_format_value"": ""+2.40%""}",2,1,2,False,P001701,SAEJ50
False,False,False,2,P001352,"{""data_list"": [{""percent"": ""-0.00610376""}, {""percent"": ""-0.00304569""}, {""percent"": ""-0.01533101""}, {""percent"": ""0.05825959""}, {""percent"": ""0.05932865""}, {""percent"": ""0.01346002""}, {""percent"": ""-0.01405152""}, {""percent"": ""0.03140097""}, {""percent"": ""0.07161346""}, {""percent"": ""0.08014911""}, {""percent"": ""0.01996198""}, {""percent"": ""-0.01682243""}, {""percent"": ""0.00093545""}, {""percent"": ""-0.00834879""}, {""percent"": ""-0.01462523""}, {""percent"": ""0.01957130""}, {""percent"": ""0.00186741""}, {""percent"": ""0.07246377""}, {""percent"": ""0.06863469""}, {""percent"": ""0.38295788""}, {""percent"": ""0.02100000""}], ""sub_title"": {""content"": ""成立 21 个季度， &&14个季度&& 正收益，占比 &&67%&&""}, ""title"": {""content"": """"}}",105,明睿骁云策略,"{""first_summary_desc"": ""近5年年化"", ""first_summary_mark_info"": {""color_key"": ""Red010""}, ""first_format_value"": ""+6.74%""}",2,1,2,False,P001352,SQE129
False,False,False,2,P001148,"{""data_list"": [{""percent"": ""0.01697656""}, {""percent"": ""-0.13977747""}, {""percent"": ""0.03968608""}, {""percent"": ""0.03613011""}, {""percent"": ""-0.03098138""}, {""percent"": ""0.16624896""}, {""percent"": ""0.05654145""}, {""percent"": ""0.07667494""}, {""percent"": ""0.14542871""}, {""percent"": ""0.00237417""}, {""percent"": ""0.11077406""}, {""percent"": ""-0.01827891""}, {""percent"": ""-0.03612788""}, {""percent"": ""0.05580520""}, {""percent"": ""0.06119375""}, {""percent"": ""-0.11254073""}, {""percent"": ""0.02597291""}, {""percent"": ""0.15780071""}, {""percent"": ""0.05605233""}, {""percent"": ""0.12249071""}, {""percent"": ""0.01365992""}, {""percent"": ""-0.02899744""}, {""percent"": ""0.21101751""}, {""percent"": ""0.12028127""}, {""percent"": ""0.04053143""}, {""percent"": ""-0.01236094""}, {""percent"": ""0.03754535""}, {""percent"": ""0.03485430""}, {""percent"": ""0.10250180""}, {""percent"": ""0.10997902""}], ""sub_title"": {""content"": ""成立 30 个季度， &&23个季度&& 正收益，占比 &&77%&&""}, ""title"": {""content"": """"}}",105,润洲正行一号A,"{""first_summary_desc"": ""近5年年化"", ""first_summary_mark_info"": {""color_key"": ""Red010""}, ""first_format_value"": ""+9.91%""}",2,1,2,False,P001148,ER095A
False,False,False,2,P001608,"{""data_list"": [{""percent"": ""-0.07018260""}, {""percent"": ""-0.01496735""}, {""percent"": ""0.05735528""}, {""percent"": ""-0.00507239""}, {""percent"": ""-0.06482854""}, {""percent"": ""0.03621589""}, {""percent"": ""-0.01918725""}, {""percent"": ""0.01437269""}, {""percent"": ""0.00059922""}, {""percent"": ""0.04157753""}, {""percent"": ""-0.00204214""}, {""percent"": ""0.00918033""}, {""percent"": ""0.04034694""}, {""percent"": ""0.01665687""}, {""percent"": ""0.00760194""}, {""percent"": ""-0.00948562""}, {""percent"": ""0.03084677""}, {""percent"": ""-0.00217762""}, {""percent"": ""0.02553646""}, {""percent"": ""-0.00203488""}, {""percent"": ""0.02259215""}, {""percent"": ""0.03247610""}, {""percent"": ""0.05910083""}, {""percent"": ""0.08066038""}, {""percent"": ""0.06393657""}, {""percent"": ""0.06095859""}, {""percent"": ""-0.03563095""}, {""percent"": ""0.04639369""}, {""percent"": ""0.06469353""}, {""percent"": ""0.00000000""}], ""sub_title"": {""content"": ""成立 30 个季度， &&19个季度&& 正收益，占比 &&63%&&""}, ""title"": {""content"": """"}}",105,信达诚睿进取1号集合资产管理计划,"{""first_summary_desc"": ""近5年年化"", ""first_summary_mark_info"": {""color_key"": ""Red010""}, ""first_format_value"": ""+1.73%""}",2,1,2,False,P001608,SM6758
False,False,False,2,P001162,"{""data_list"": [{""percent"": ""-0.11746350""}, {""percent"": ""0.01303980""}, {""percent"": ""0.01188096""}, {""percent"": ""0.01056338""}, {""percent"": ""0.05724399""}, {""percent"": ""0.11461805""}, {""percent"": ""0.08334562""}, {""percent"": ""0.03225316""}, {""percent"": ""0.02168338""}, {""percent"": ""-0.04213504""}, {""percent"": ""0.03298985""}, {""percent"": ""-0.04913717""}, {""percent"": ""-0.02724234""}, {""percent"": ""0.02883278""}, {""percent"": ""-0.05504460""}, {""percent"": ""-0.02237696""}, {""percent"": ""0.23215327""}, {""percent"": ""-0.01590294""}, {""percent"": ""0.10148984""}, {""percent"": ""0.05576740""}, {""percent"": ""-0.04253377""}, {""percent"": ""0.09549045""}], ""sub_title"": {""content"": ""成立 22 个季度， &&14个季度&& 正收益，占比 &&64%&&""}, ""title"": {""content"": """"}}",105,文谛量化16号,"{""first_summary_desc"": ""近5年年化"", ""first_summary_mark_info"": {""color_key"": ""Red010""}, ""first_format_value"": ""+9.75%""}",2,1,2,False,P001162,SLU564
False,False,False,2,P001710,"{""data_list"": [{""percent"": ""0.00369155""}, {""percent"": ""-0.10997536""}, {""percent"": ""-0.00904404""}, {""percent"": ""0.10151425""}, {""percent"": ""-0.01679819""}, {""percent"": ""0.17099726""}, {""percent"": ""0.05440864""}, {""percent"": ""0.05121184""}, {""percent"": ""0.14070352""}, {""percent"": ""0.03428286""}, {""percent"": ""0.10235787""}, {""percent"": ""-0.04483267""}, {""percent"": ""-0.01431535""}, {""percent"": ""0.12893781""}, {""percent"": ""0.04542116""}, {""percent"": ""-0.13930453""}, {""percent"": ""-0.07161025""}, {""percent"": ""-0.01417687""}, {""percent"": ""0.05119627""}, {""percent"": ""-0.02008002""}, {""percent"": ""0.00874505""}, {""percent"": ""-0.00298085""}, {""percent"": ""0.24607670""}, {""percent"": ""0.07851778""}, {""percent"": ""-0.00150000""}], ""sub_title"": {""content"": ""成立 25 个季度， &&14个季度&& 正收益，占比 &&56%&&""}, ""title"": {""content"": """"}}",105,润洲复利一号A,"{""first_summary_desc"": ""近5年年化"", ""first_summary_mark_info"": {""color_key"": ""Red010""}, ""first_format_value"": ""+7.70%""}",2,1,2,False,P001710,JY158A
