产品名称,代码,近1年收益,近3年年化,近5年年化,近6个月收益,季度统计
远澜红枫私享12号A,P001286,,,+12.30%,,成立 21 个季度， 10个季度 正收益，占比 48%
远澜银杏1号,P001285,,,+8.23%,,成立 37 个季度， 25个季度 正收益，占比 68%
博衍九溪CTA2号A,P001734,+27.69%,,,,成立 7 个季度， 5个季度 正收益，占比 71%
洛书管理期货拾壹号,P001391,,+23.43%,,,成立 18 个季度， 10个季度 正收益，占比 56%
均成CTA增强5号,P001155,,,+16.60%,,成立 21 个季度， 14个季度 正收益，占比 67%
博衍九溪CTA1号,P001728,,+21.74%,,,成立 13 个季度， 9个季度 正收益，占比 69%
洛书裕和延平,P001018,,,+11.15%,,成立 31 个季度， 21个季度 正收益，占比 68%
均成CTA增强25号1期,P001515,,+8.88%,,,成立 13 个季度， 8个季度 正收益，占比 62%
宏锡量化CTA7号,P001481,,,+11.00%,,成立 38 个季度， 27个季度 正收益，占比 71%
宏锡量化CTA7号二期,P001289,,,+11.11%,,成立 21 个季度， 11个季度 正收益，占比 52%
南华商品指数集合资产管理计划,P001876,+18.22%,,,,成立 9 个季度， 4个季度 正收益，占比 44%
富善投资-沣时1号致远CTA1期,P000934,,,+5.62%,,成立 29 个季度， 18个季度 正收益，占比 62%
千象商品期货指数增强1号B,P002107,+17.43%,,,,成立 3 个季度， 2个季度 正收益，占比 67%
旭诺CTA一号,P001609,,,+14.23%,,成立 36 个季度， 24个季度 正收益，占比 67%
会世元丰CTA1号,P001097,,,+8.96%,,成立 32 个季度， 24个季度 正收益，占比 75%
会世元丰CTA2号,P000936,,,+8.85%,,成立 27 个季度， 18个季度 正收益，占比 67%
洛书裕和建安,P666017,,,+10.32%,,成立 22 个季度， 15个季度 正收益，占比 68%
量道CTA精选1号,P001054,,,+3.11%,,成立 32 个季度， 21个季度 正收益，占比 66%
量派聚核20号,P001482,,,+17.16%,,成立 20 个季度， 15个季度 正收益，占比 75%
量派CTA八号C,P001547,+11.72%,,,,成立 9 个季度， 6个季度 正收益，占比 67%
千象卓越3号中证500指数增强A,P001025,,,+7.41%,,成立 31 个季度， 19个季度 正收益，占比 61%
悬铃尊享稳健CTA5号,P001987,,,,+0.51%,
量派CTA七号C,P001497,,+16.16%,,,成立 13 个季度， 10个季度 正收益，占比 77%
瑞达期货-瑞智进取共赢5号集合资产管理计划,P001147,,,+3.97%,,成立 25 个季度， 16个季度 正收益，占比 64%
佑维CTA平衡一号,P001585,,,+6.07%,,成立 28 个季度， 16个季度 正收益，占比 57%
安贤CTA量化一号,P001697,,+13.56%,,,成立 14 个季度， 9个季度 正收益，占比 64%
博孚利CTA5号,P001012,,,+1.63%,,成立 36 个季度， 24个季度 正收益，占比 67%
因诺CTA2号B,P001595,,+9.93%,,,成立 16 个季度， 13个季度 正收益，占比 81%
远澜云杉2号,P001282,,,+2.76%,,成立 29 个季度， 19个季度 正收益，占比 66%
思瑞二号,P001266,,,+7.59%,,成立 31 个季度， 25个季度 正收益，占比 81%
黑翼中性多策略9号C,P001701,+2.40%,,,,成立 10 个季度， 8个季度 正收益，占比 80%
明睿骁云策略,P001352,,,+6.74%,,成立 21 个季度， 14个季度 正收益，占比 67%
润洲正行一号A,P001148,,,+9.91%,,成立 30 个季度， 23个季度 正收益，占比 77%
信达诚睿进取1号集合资产管理计划,P001608,,,+1.73%,,成立 30 个季度， 19个季度 正收益，占比 63%
文谛量化16号,P001162,,,+9.75%,,成立 22 个季度， 14个季度 正收益，占比 64%
润洲复利一号A,P001710,,,+7.70%,,成立 25 个季度， 14个季度 正收益，占比 56%
