name,symbol,age,n,span,ann,mdd,dd,vol,sharpe,sortino,calmar,win,pl,nh,skew,var5,es5,worst,uw_max,uw_cur,streak_max,crisis_n,crisis_avg,crisis_win,mkt_corr,raw,final
因诺CTA2号B,P001595,4.0,16,2022Q4~2026Q3,0.11655467249428142,-0.02680082000000006,0.016638179263619112,0.07385827643200524,1.374993804354124,6.103713085742496,4.348921879788796,0.8125,2.450975191482377,0.8125,0.3621206102315442,-0.02680082,-0.02680082,-0.02680082,1,0,1,7,0.03584597428571429,1.0,-0.430515404012382,0.8968750000000001,0.7645833333333334
量派CTA七号C,P001497,3.8,13,2023Q3~2026Q3,0.17602086355850854,-0.019942319999999958,0.013777461540885702,0.10761270636593973,1.496299730730245,11.687266415563306,8.82649880046599,0.7692307692307693,4.4771518337667775,0.7692307692307693,1.3071116193554015,-0.01994232,-0.01994232,-0.01994232,1,0,1,6,0.04485864333333334,1.0,-0.018271055777846896,0.96875,0.75390625
量派聚核20号,P001482,5.0,20,2021Q4~2026Q3,0.2035361963163369,-0.11214465355419312,0.04128838888695223,0.16049249423524636,1.174735287246422,4.566324853036764,1.8149433777329336,0.75,2.1673328887349443,0.65,0.6973166616288072,-0.04939845,-0.056133555,-0.06286866,4,0,2,9,0.04589405777777778,0.7777777777777778,-0.053964354458056106,0.7312500000000001,0.6927083333333335
安贤CTA量化一号,P001697,3.5,14,2023Q2~2026Q3,0.12534532888677163,-0.03039999653000003,0.019112529966146742,0.08205258493970743,1.3448123415959878,5.773454853032115,4.1232020787593004,0.6428571428571429,3.8676923950870443,0.6428571428571429,0.1291726414402791,-0.02357019,-0.02357019,-0.02357019,2,1,2,7,0.028264944285714286,0.5714285714285714,0.27221513259287905,0.7156250000000001,0.6257812500000001
量派CTA八号C,P001547,2.6,9,2024Q3~2026Q3,0.11191799360830479,-0.019123369999999862,0.017110693220318884,0.08131169347531386,1.1919318054509465,5.664176919098463,5.852420028912561,0.6666666666666666,3.3810609224215393,0.6666666666666666,0.5230814192547312,-0.01912337,-0.01912337,-0.01912337,1,0,1,2,0.03304636,1.0,0.12813680170808395,0.8187500000000002,0.6195312500000001
旭诺CTA一号,P001609,9.1,36,2017Q4~2026Q3,0.16077872810185623,-0.08335680000000001,0.045898881996073955,0.14138984587813072,1.0310410001260517,3.176084509298629,1.928801586695461,0.6666666666666666,2.782040005987907,0.5833333333333334,0.8584567093556784,-0.0814524,-0.0824046,-0.0833568,4,0,2,15,0.028342792,0.7333333333333333,-0.009756635010412693,0.5781250000000001,0.5781250000000001
宏锡量化CTA7号,P001481,9.5,38,2017Q2~2026Q3,0.1472075570856557,-0.10028539999999997,0.043794828063510684,0.1246014543824612,1.0610434504227193,3.0187938378004366,1.4678862235744758,0.7105263157894737,2.0404028164266363,0.6578947368421053,0.37875840125841703,-0.04593293,-0.073109165,-0.1002854,3,0,2,15,0.03552671266666667,0.6666666666666666,0.2568598970793414,0.565625,0.565625
思瑞二号,P001266,7.8,31,2019Q1~2026Q3,0.1137140029255459,-0.11606510951860205,0.027928400813264184,0.09697457334671293,1.0179369655240864,3.5345383212440553,0.9797432096277018,0.8064516129032258,1.5369126541312286,0.6774193548387096,0.9499088026250083,-0.0329588,-0.04408025,-0.0552017,8,8,3,12,0.020146438333333332,0.9166666666666666,0.0475076018036488,0.5531250000000001,0.5531250000000001
润洲正行一号A,P001148,7.8,30,2019Q2~2026Q3,0.19020117434987083,-0.13977746999999996,0.06908544425907955,0.15685980854423454,1.116928395972535,2.5360070595021904,1.3607427173339943,0.7666666666666667,1.445623018919247,0.6333333333333333,-0.20491044393379756,-0.11254073,-0.1261591,-0.13977747,5,2,2,12,0.042954775,0.8333333333333334,-0.011394940610686357,0.5468750000000001,0.5468750000000001
洛书裕和延平,P001018,7.8,31,2019Q1~2026Q3,0.24268066544809486,-0.2569835811354244,0.05560942943416133,0.20302472613467154,1.1214430369287551,4.094281631097418,0.9443430758333458,0.6774193548387096,2.5405548869143666,0.5161290322580645,0.8183671542911157,-0.06948078,-0.07472272,-0.07996466,12,0,5,12,0.021034222499999998,0.6666666666666666,0.15016155382238525,0.525,0.525
信达诚睿进取1号集合资产管理计划,P001608,7.3,30,2019Q2~2026Q3,0.06359461007140466,-0.09894363125533512,0.03850339014707493,0.07348986433143101,0.6612423429202214,1.262086530193403,0.6427357603976718,0.6333333333333333,1.6589033247051133,0.6,-0.4292507973606713,-0.06482854,-0.06750557,-0.0701826,5,5,2,12,0.0162781225,0.75,0.08106510111313896,0.30312500000000003,0.30312500000000003
瑞达期货-瑞智进取共赢5号集合资产管理计划,P001147,6.7,25,2020Q3~2026Q3,0.12044975697943627,-0.1921329009145939,0.04427027037463313,0.12192708116722031,0.8648591926416597,2.381954211868988,0.6269085430244875,0.64,2.2718510402510947,0.48,0.5472899028074276,-0.06589876,-0.068032355,-0.07016595,12,0,4,11,0.019329994545454546,0.5454545454545454,0.2838799869221006,0.30000000000000004,0.30000000000000004
博孚利CTA5号,P001012,9.0,36,2017Q4~2026Q3,0.14503172446062318,-0.1981828525808731,0.04060967362456786,0.2128867534950154,0.6108023271803418,3.2019889069474607,0.731807634070862,0.6666666666666666,2.5382534397967924,0.3888888888888889,3.3571811298747902,-0.06274844,-0.06394011,-0.06513178,17,17,5,15,0.007629611333333334,0.4666666666666667,0.2299124956893117,0.284375,0.284375
润洲复利一号A,P001710,6.4,25,2020Q3~2026Q3,0.1145270549441002,-0.2122673296045715,0.07982236027117405,0.17348870249152207,0.57368032335687,1.2468568281617456,0.5395416014204839,0.56,2.1525194087018322,0.36,0.36679348341849743,-0.10997536,-0.124639945,-0.13930453,9,3,3,11,0.039589618181818186,0.6363636363636364,0.03207867085742937,0.228125,0.228125
洛书裕和建安,P666017,5.8,22,2021Q2~2026Q3,0.13992132320977424,-0.2846332034119078,0.06555882903825402,0.17253904988476304,0.7240176834937241,1.9054843572157427,0.49158468348925083,0.6818181818181818,1.4320702592985588,0.45454545454545453,0.7963948613930424,-0.07204821,-0.07594688499999999,-0.07984556,12,0,5,10,0.005721771999999999,0.6,0.12406935043822764,0.20312499999999997,0.22786458333333331
佑维CTA平衡一号,P001585,7.0,28,2019Q4~2026Q3,0.08867455914865308,-0.1170662914200703,0.042146098939006886,0.11168604775153608,0.6596576800045267,1.7480754091920498,0.7574730357730489,0.5714285714285714,2.121872680047197,0.35714285714285715,0.46012074258262964,-0.04888889,-0.06252625,-0.07616361,9,9,2,12,0.019451626666666666,0.5,0.1294349539652163,0.22500000000000003,0.22500000000000003
富善投资-沣时1号致远CTA1期,P000934,7.6,29,2019Q3~2026Q3,0.09571294156243937,-0.1575829331579902,0.042845255128693714,0.10335080980369288,0.7809609011844953,1.8838245056541967,0.6073813936848037,0.6206896551724138,1.8568677221886092,0.4827586206896552,0.18065501057717556,-0.05665722,-0.058593425000000005,-0.06052963,13,0,5,12,0.008458013333333333,0.4166666666666667,0.0728576049523645,0.17500000000000002,0.17500000000000002
