name,symbol,n,age,ann_ret,mdd,calmar,sharpe,sortino,win,new_high,skew,var5,es5,worst,pl_ratio,uw_max,uw_cur,streak_max,mkt_corr,crisis_n,crisis_avg,crisis_win,crisis_big_avg,ann_vol,total_ret,score,summary,ta,c_ann,c_mdd,c_sharpe,c_win,c_new_high
量派CTA七号C,P001497,13,3.8,0.17602086355850854,-0.019942319999999958,8.82649880046599,1.496299730730245,11.687266415563306,0.7692307692307693,0.7692307692307693,1.3071116193554015,-0.01994232,-0.01994232,-0.01994232,4.4771518337667775,1,0,1,-0.018271055777846896,6,0.04485864333333334,1.0,,0.10761270636593973,0.693748159377332,0.9642857142857143,+16.16%,ZC678C,0.17590469468139291,-0.019942319999999958,1.251176493614135,0.75,0.75
瑞达期货-瑞智进取共赢5号集合资产管理计划,P001147,10,6.7,0.20262670674398442,-0.027005200000000062,7.503247772428419,2.1439737479480185,10.985435086343847,0.9,0.9,0.2749824555274518,-0.0270052,-0.0270052,-0.0270052,2.0870282595779908,1,0,1,0.012605275497082435,3,0.039838029999999996,1.0,,0.08751352805675001,0.5860873814728942,0.8892857142857143,+3.97%,SJK472,0.23761147555453133,0.0,2.8197963847705125,1.0,1.0
因诺CTA2号B,P001595,16,4.0,0.11655467249428142,-0.02680082000000006,4.348921879788796,1.374993804354124,6.103713085742496,0.8125,0.8125,0.3621206102315442,-0.02680082,-0.02680082,-0.02680082,2.450975191482377,1,0,1,-0.430515404012382,7,0.03584597428571429,1.0,,0.07385827643200524,0.5542467690820898,0.8785714285714287,+9.93%,XJ080B,0.15313733833805276,-0.019698529999999992,1.8140537176131852,0.875,0.875
量派CTA八号C,P001547,9,2.6,0.11191799360830479,-0.019123369999999862,5.852420028912561,1.1919318054509465,5.664176919098463,0.6666666666666666,0.6666666666666666,0.5230814192547312,-0.01912337,-0.01912337,-0.01912337,3.3810609224215393,1,0,1,0.12813680170808395,2,0.03304636,1.0,,0.08131169347531386,0.26959062285293167,0.8571428571428573,+11.72%,AGZ17C,0.13257134643303092,-0.019123369999999973,1.4431825704687977,0.75,0.75
博衍九溪CTA2号A,P001734,7,2.0,0.25727274871864636,-0.04971672000000005,5.174773169240572,1.3592975402946905,4.984961343258854,0.7142857142857143,0.7142857142857143,0.053369050828935775,-0.04971672,-0.04971672,-0.04971672,2.3220791954901046,1,1,1,0.5736040110940003,2,0.06860476,0.5,,0.17823378733262663,0.4928000093698375,0.8267857142857143,+27.69%,SAPX61,,,,,
安贤CTA量化一号,P001697,14,3.5,0.12534532888677163,-0.03039999653000003,4.1232020787593004,1.3448123415959878,5.773454853032115,0.6428571428571429,0.6428571428571429,0.1291726414402791,-0.02357019,-0.02357019,-0.02357019,3.8676923950870443,2,1,2,0.27221513259287905,7,0.028264944285714286,0.5714285714285714,,0.08205258493970743,0.5118208971511837,0.7875000000000001,+13.56%,SZB647,0.09936394915543456,-0.023570190000000046,1.0391595104146432,0.625,0.625
量派聚核20号,P001482,20,5.0,0.2035361963163369,-0.11214465355419312,1.8149433777329336,1.174735287246422,4.566324853036764,0.75,0.65,0.6973166616288072,-0.04939845,-0.056133555,-0.06286866,2.1673328887349443,4,0,2,-0.053964354458056106,9,0.04589405777777778,0.7777777777777778,,0.16049249423524636,1.5252000020466268,0.7517857142857142,+17.16%,SSS088,0.454820681403334,0.0,2.6963770331953745,1.0,1.0
旭诺CTA一号,P001609,35,9.1,0.16586719761736668,-0.0833567999999999,1.9898460307661388,1.0569737745926355,3.2410590299332225,0.6857142857142857,0.6,0.8156496388255169,-0.0814524,-0.0824046,-0.0833568,2.5582640880626375,4,0,2,-0.002212833722628021,15,0.028342792,0.7333333333333333,,0.14273504342670362,2.829829844823371,0.6964285714285714,+14.23%,SW8015,0.22131811906847032,-0.08335680000000001,0.9844424809458792,0.75,0.625
明睿骁云策略,P001352,21,5.5,0.15340094507886937,-0.038391226009262036,3.99572925964544,0.8092399705754488,9.806942681903763,0.6666666666666666,0.5238095238095238,3.0257845678036492,-0.01533101,-0.01607672,-0.01682243,5.755281192282291,5,3,3,0.3755079885698342,10,0.014594265,0.6,,0.17102583919631742,1.1154199237862805,0.6464285714285715,+6.74%,SQE129,0.0617174038831525,-0.024321884535702054,0.7583786752508451,0.5,0.375
宏锡量化CTA7号,P001481,38,9.5,0.1472075570856557,-0.10028539999999997,1.4678862235744758,1.0610434504227193,3.0187938378004366,0.7105263157894737,0.6578947368421053,0.37875840125841703,-0.04593293,-0.073109165,-0.1002854,2.0404028164266363,3,0,2,0.2568598970793414,15,0.03552671266666667,0.6666666666666666,,0.1246014543824612,2.6863705877466106,0.6446428571428572,+11.00%,SN3221,0.21657465584836144,-0.0316332140932043,1.9938261367528547,0.75,0.75
思瑞二号,P001266,31,7.8,0.1137140029255459,-0.11606510951860205,0.9797432096277018,1.0179369655240864,3.5345383212440553,0.8064516129032258,0.6774193548387096,0.9499088026250083,-0.0329588,-0.04408025,-0.0552017,1.5369126541312286,8,8,3,0.0475076018036488,12,0.020146438333333332,0.9166666666666666,,0.09697457334671293,1.3040718672527265,0.5482142857142858,+7.59%,SM2082,-0.029221499105165583,-0.11606510951860216,-0.6407747870919631,0.375,0.0
洛书裕和延平,P001018,31,7.8,0.24268066544809486,-0.2569835811354244,0.9443430758333458,1.1214430369287551,4.094281631097418,0.6774193548387096,0.5161290322580645,0.8183671542911157,-0.06948078,-0.07472272,-0.07996466,2.5405548869143666,12,0,5,0.15016155382238525,12,0.021034222499999998,0.6666666666666666,,0.20302472613467154,4.386249231896271,0.5428571428571428,+11.15%,SED534,0.49514403935200746,0.0,2.958145968922783,1.0,1.0
博衍九溪CTA1号,P001728,13,3.2,0.1659148735453979,-0.07640000000000002,2.171660648499972,0.9825229601085489,3.068748503394862,0.6923076923076923,0.46153846153846156,0.3632185877547885,-0.0764,-0.0764,-0.0764,2.0619875697558365,4,1,1,0.6046546336453087,6,0.013641646666666667,0.6666666666666666,,0.153599335254949,0.6469000339946716,0.5214285714285715,+21.74%,SZT587,0.19101575948930427,-0.037407210000000135,1.2333587409599769,0.625,0.625
远澜银杏1号,P001285,37,9.5,0.1104970335819,-0.06231743000000001,1.7731320688593863,0.9063603023330196,2.797508434238614,0.6756756756756757,0.5675675675675675,0.7210067092890332,-0.0418251,-0.052071265,-0.06231743,2.0390810593859414,5,1,3,0.39398753668463715,15,0.02751226866666667,0.6666666666666666,,0.10536321299166078,1.6365497807989988,0.5142857142857143,+8.23%,SS2703,0.16343961293371723,-0.04074073999999994,1.2529981560433863,0.75,0.75
宏锡量化CTA7号二期,P001289,21,5.4,0.08788248158677137,-0.08849999989642543,0.9930223919731439,0.733848263894486,2.023861574889047,0.5238095238095238,0.38095238095238093,0.3039917175939003,-0.04173675,-0.0418611,-0.04198545,2.8132954561683006,4,0,3,0.30779503618377435,10,0.011284575,0.5,,0.09931546502541094,0.5561641718636814,0.4214285714285713,+11.11%,SQP622,0.19793417240033673,-0.04096126498133201,1.8253317200117227,0.75,0.75
均成CTA增强25号1期,P001515,13,3.5,0.08415238053569496,-0.07773600999999997,1.08254051803913,0.6216014185628976,1.5025669796539263,0.6153846153846154,0.5384615384615384,0.543553702127827,-0.07773601,-0.07773601,-0.07773601,2.0174847418859145,2,1,2,0.321041508991606,6,0.017438218333333335,0.5,,0.11124874955332438,0.30030000791334843,0.4178571428571428,+8.88%,SZK280,0.06631300815953,-0.07773600999999997,0.5061461162011885,0.625,0.625
均成CTA增强5号,P001155,21,5.5,0.14435230008192246,-0.09491859999999996,1.520800981914214,0.7451394750611812,1.9252101929656844,0.6666666666666666,0.6190476190476191,0.6723133982901663,-0.07317073,-0.084044665,-0.0949186,1.6788436734496388,3,1,2,0.45457197022480145,10,-0.002116846000000002,0.5,,0.17359474891771332,1.0297318705834915,0.40535714285714286,+16.60%,SQG280,0.24217715404375495,-0.09491859999999996,1.626773568287373,0.875,0.875
润洲正行一号A,P001148,19,7.8,0.1348436055875335,-0.13977746999999996,0.9647020051767538,0.7336904343495979,1.400094714965284,0.7368421052631579,0.5789473684210527,-0.3353374091852792,-0.13977747,-0.13977747,-0.13977747,1.0656552021805215,5,2,2,0.00632938276088043,9,0.028137168888888887,0.7777777777777778,,0.16334355741433715,0.8236692314025862,0.4035714285714286,+9.91%,ER095A,0.10069351608952815,-0.13977746999999996,0.486714902048178,0.75,0.625
会世元丰CTA1号,P001097,32,8.0,0.11244133245956944,-0.16007460427853726,0.7024308007278675,1.0040380860817537,2.587701064186524,0.75,0.5625,0.11444956435443236,-0.04876845,-0.06319289,-0.07761733,1.5919972115116838,9,1,2,0.3288282334825968,13,0.00793991,0.6153846153846154,,0.0970494384728303,1.345400064157388,0.3910714285714286,+8.96%,SEC905,0.16100431652789604,-0.015919099999999964,1.7557592454399682,0.75,0.75
信达诚睿进取1号集合资产管理计划,P001608,30,7.3,0.06359461007140466,-0.09894363125533512,0.6427357603976718,0.6612423429202214,1.262086530193403,0.6333333333333333,0.6,-0.4292507973606713,-0.06482854,-0.06750557,-0.0701826,1.6589033247051133,5,5,2,0.08106510111313896,12,0.0162781225,0.75,,0.07348986433143101,0.5878919923168457,0.37142857142857144,+1.73%,SM6758,-0.03618666740626808,-0.09894363125533523,-0.5721890168606042,0.375,0.25
会世元丰CTA2号,P000936,27,7.1,0.10359855346293223,-0.180100431264541,0.5752265707279802,0.8972380911965888,2.0620746501236384,0.6666666666666666,0.5185185185185185,0.022125112065424425,-0.05529863,-0.07107223,-0.08684583,2.100428820993708,9,1,5,0.3473458190702751,12,0.007586401666666666,0.5,,0.09874586727005095,0.9452484469987545,0.3446428571428571,+8.85%,SGY945,0.16834536565746583,-0.009292879999999837,1.887326822010022,0.75,0.75
博孚利CTA5号,P001012,36,9.0,0.14503172446062318,-0.1981828525808731,0.731807634070862,0.6108023271803418,3.2019889069474607,0.6666666666666666,0.3888888888888889,3.3571811298747902,-0.06274844,-0.06394011,-0.06513178,2.5382534397967924,17,17,5,0.2299124956893117,15,0.007629611333333334,0.4666666666666667,,0.2128867534950154,2.383433736438284,0.33749999999999997,+1.63%,SM2753,0.08416319361193403,-0.02935076999999997,1.2770704578983587,0.75,0.75
润洲复利一号A,P001710,25,6.4,0.1145270549441002,-0.2122673296045715,0.5395416014204839,0.57368032335687,1.2468568281617456,0.56,0.36,0.36679348341849743,-0.10997536,-0.124639945,-0.13930453,2.1525194087018322,9,3,3,0.03207867085742937,11,0.039589618181818186,0.6363636363636364,,0.17348870249152207,0.9693202471404454,0.3142857142857143,+7.70%,JY158A,0.1155068973272213,-0.11802477844514558,0.5943960058198657,0.625,0.5
远澜红枫私享12号A,P001286,21,5.5,0.07845428818521838,-0.08650189824051724,0.9069660872305646,0.5057553459909161,1.2943367347918613,0.47619047619047616,0.38095238095238093,0.6920545977541691,-0.05603865,-0.06022791500000001,-0.06441718,2.5185752827643095,5,1,3,0.3194843714044469,10,0.014087409,0.3,,0.12546439437213203,0.4866513980869598,0.3,+12.30%,SQB632,0.1801770644009384,-0.05603865000000008,1.3247518380809198,0.75,0.625
远澜云杉2号,P001282,29,9.1,0.07326992968644674,-0.10276680000000005,0.7129727663646889,0.5787489323185525,1.4404750044001238,0.6551724137931034,0.4482758620689655,1.2497737780880724,-0.02282704,-0.06279692,-0.1027668,1.8402576175879388,10,0,3,0.5734405770275344,12,0.0112175775,0.5,,0.10068256964727161,0.6697058635656128,0.23750000000000002,+2.76%,XY1006,0.006116262812456474,-0.02453987762293608,-0.293776675908861,0.625,0.375
洛书裕和建安,P666017,22,5.8,0.13992132320977424,-0.2846332034119078,0.49158468348925083,0.7240176834937241,1.9054843572157427,0.6818181818181818,0.45454545454545453,0.7963948613930424,-0.07204821,-0.07594688499999999,-0.07984556,1.4320702592985588,12,0,5,0.12406935043822764,10,0.005721771999999999,0.6,,0.17253904988476304,1.0550000024302566,0.19999999999999998,+10.32%,SNP397,0.4893838441391982,0.0,2.8787178040070724,1.0,1.0
洛书管理期货拾壹号,P001391,18,4.7,0.10589987728403316,-0.20136519211466042,0.5259095485764598,0.5743848555340355,1.385234565763562,0.5555555555555556,0.3333333333333333,0.5995012446725811,-0.10921502,-0.10921502,-0.10921502,2.2041829727399613,10,1,5,0.3156929367348892,8,-0.011895563749999997,0.5,,0.1582560480281445,0.572972552220887,0.16964285714285712,+23.43%,STL229,0.34471161683130735,-0.041879609999999956,1.9773183383805752,0.75,0.75
量道CTA精选1号,P001054,32,8.0,0.15923615400000224,-0.3435940031411593,0.4634427625169668,0.7572465255547275,1.826269254094845,0.65625,0.375,0.26049520618277344,-0.10923623,-0.128285825,-0.14733542,1.6523307261273297,17,17,5,0.4011916285373028,13,0.0063942092307692315,0.46153846153846156,,0.19047450088244483,2.2611842696531426,0.16785714285714284,+3.11%,SEE186,0.15851297932788389,-0.04230723000000003,1.055953368194789,0.75,0.75
文谛量化16号,P001162,22,6.0,0.08717950833537258,-0.1301379115532827,0.6699009327476294,0.48623106352746176,1.0854077377354985,0.6363636363636364,0.4090909090909091,0.7118189323360573,-0.0550446,-0.08625405,-0.1174635,1.369806908588166,10,1,2,0.4789956866458706,10,0.012883488,0.5,,0.14844692935027992,0.5836416640702837,0.16249999999999998,+9.75%,SLU564,0.09762340024482064,-0.11746350000000005,0.5985716495843729,0.875,0.875
