产品名,优先级公司关键词,匹配说明,排排网ID,排排网名称,管理公司,成立日期,净值频率,基金经理,管理公司全称,策略,最新净值日期,最新规模(万),基金状态,累计收益%,年化收益%,近1年收益%,今年来收益%,最大回撤%,夏普(成立来),夏普(近1年),管理费,托管外包费,业绩报酬,认购费,申购费,赎回费,封闭期,锁定期,开放日,近期开放日,预警线,止损线,起购金额,状态,年化波动率%,索提诺,卡玛比率,Alpha%
量派CTA二号,量派,,HF00007X8W,量派CTA二号,量派投资,2021-11-16,天,孙林,上海量派投资管理有限公司,期货及衍生品策略/量化CTA,认证可见,,正在运作,认证可见,认证可见,认证可见,认证可见,认证可见,认证可见,认证可见,认证可见,认证可见认证可见,认证可见,0%,1%,持有期限<180天:1%; 持有期限≥180天:0%,认证可见,认证可见,认证可见; 认证可见,"2026-10-08,2026-10-09",认证可见,认证可见,认证可见,成功,,,,
量派CTA二号B类份额,量派,,HF0000CAOM,量派CTA二号B类份额,量派投资,2021-11-16,月,孙林,上海量派投资管理有限公司,期货及衍生品策略/量化CTA,认证可见,,正在运作,认证可见,认证可见,认证可见,认证可见,认证可见,认证可见,认证可见,认证可见,认证可见,认证可见,,,,认证可见,认证可见,认证可见; 认证可见,,认证可见,认证可见,认证可见,成功,,,,
量派CTA二号A类份额,量派,,HF0000CAOL,量派CTA二号A类份额,量派投资,2021-11-16,月,孙林,上海量派投资管理有限公司,期货及衍生品策略/量化CTA,认证可见,,正在运作,认证可见,认证可见,认证可见,认证可见,认证可见,认证可见,认证可见,认证可见,认证可见,认证可见,,,,认证可见,认证可见,认证可见; 认证可见,,认证可见,认证可见,认证可见,成功,,,,
因诺CTA1号1期,因诺,,HF000068N6,因诺CTA1号1期,因诺资产,2020-07-06,周,徐书楠,因诺(上海)资产管理有限公司,期货及衍生品策略/量化CTA,认证可见,,正在运作,认证可见,认证可见,认证可见,认证可见,认证可见,认证可见,认证可见,认证可见,认证可见,认证可见,,,,认证可见,认证可见,认证可见; 认证可见,,认证可见,认证可见,认证可见,成功,,,,
因诺CTA1号,因诺,,HF00006NTL,因诺CTA1号,因诺资产,2020-12-04,天,徐书楠，刘恒一,因诺(上海)资产管理有限公司,期货及衍生品策略/量化CTA,认证可见,,正在运作,认证可见,认证可见,认证可见,认证可见,认证可见,认证可见,认证可见,认证可见,认证可见,认证可见,,,,认证可见,认证可见,认证可见; 认证可见,,认证可见,认证可见,认证可见,成功,,,,
因诺CTA2号,因诺,,HF00009KBT,因诺CTA2号,因诺资产,2022-09-20,天,徐书楠，刘恒一,因诺(上海)资产管理有限公司,期货及衍生品策略/量化CTA,认证可见,23126.109534,正在运作,认证可见,认证可见,认证可见,认证可见,认证可见,认证可见,认证可见,认证可见,认证可见认证可见,认证可见,0%,0%,0%,认证可见,认证可见,认证可见; 认证可见,"2026-10-09,2026-10-12",认证可见,认证可见,认证可见,成功,9.27,1.68,1.10,10.12
博衍九溪CTA1号A类份额,博衍,,HF0000BJ5U,博衍九溪CTA1号A类份额,杭州博衍私募,2023-03-31,周,程余,杭州博衍私募基金管理合伙企业(有限合伙),期货及衍生品策略/量化CTA,认证可见,36857.244987,正在运作,认证可见,认证可见,认证可见,认证可见,认证可见,认证可见,认证可见,认证可见,认证可见认证可见,认证可见,0%,0%,0%,认证可见,认证可见,认证可见; 认证可见,"2026-10-08,2026-10-09",认证可见,认证可见,认证可见,成功,14.25,1.88,1.47,16.63
博衍九溪CTA2号,博衍,,HF0000BMZS,博衍九溪CTA2号,杭州博衍私募,2024-10-23,周,程余,杭州博衍私募基金管理合伙企业(有限合伙),期货及衍生品策略/量化CTA,认证可见,28599.510900,正在运作,认证可见,认证可见,认证可见,认证可见,认证可见,认证可见,认证可见,认证可见,认证可见认证可见,认证可见,0%,0%,持有期限<90天:1%; 持有期限≥90天:0%,认证可见,认证可见,认证可见; 认证可见,"2026-10-12,2026-10-13",认证可见,认证可见,认证可见,成功,16.35,2.68,2.24,28.19
博衍九溪CTA迎驾3号,博衍,,HF0000CGYW,博衍九溪CTA迎驾3号,杭州博衍私募,2025-05-09,周,,杭州博衍私募基金管理合伙企业(有限合伙),期货及衍生品策略/主观CTA,认证可见,,正在运作,认证可见,认证可见,认证可见,认证可见,认证可见,认证可见,认证可见,认证可见,认证可见,认证可见,,,,认证可见,认证可见,认证可见; 认证可见,,认证可见,认证可见,认证可见,成功,,,,
金禾宏锡量化CTA一号,宏锡,,HF000052KU,金禾宏锡量化CTA一号,宏锡基金,2018-11-05,周,刘锡斌,广东宏锡基金管理有限公司,期货及衍生品策略/量化CTA,认证可见,,正在运作,认证可见,认证可见,认证可见,认证可见,认证可见,认证可见,认证可见,认证可见,认证可见,认证可见,,,,认证可见,认证可见,认证可见; 认证可见,,认证可见,认证可见,认证可见,成功,,,,
宏锡量化CTA32号,宏锡,,HF000060EV,宏锡量化CTA32号,宏锡基金,2020-03-11,周,刘锡斌,广东宏锡基金管理有限公司,期货及衍生品策略/量化CTA,认证可见,5949.718621,正在运作,认证可见,认证可见,认证可见,认证可见,认证可见,认证可见,认证可见,认证可见,认证可见认证可见,认证可见,1%,1%,持有期限<12月:1%; 持有期限≥12月:0%,认证可见,认证可见,认证可见; 认证可见,"2026-12-09,2026-12-10",认证可见,认证可见,认证可见,成功,28.29,2.16,1.03,32.46
宏锡量化CTA36号,宏锡,,HF00006389,宏锡量化CTA36号,宏锡基金,2020-04-20,周,刘锡斌,广东宏锡基金管理有限公司,期货及衍生品策略/量化CTA,认证可见,24236.081132,正在运作,认证可见,认证可见,认证可见,认证可见,认证可见,认证可见,认证可见,认证可见,认证可见认证可见,认证可见,1%,1%,持有期限<365天:1%; 持有期限≥365天:0%,认证可见,认证可见,认证可见; 认证可见,"2026-10-19,2026-10-20",认证可见,认证可见,认证可见,成功,22.19,2.08,0.97,25.27
明睿松柏策略B类份额,明睿,,HF0000AL5O,明睿松柏策略B类份额,明睿(北京)私募,2020-12-07,周,杨柏林,明睿(北京)私募基金管理有限公司,期货及衍生品策略/主观CTA,认证可见,459.523128,正在运作,认证可见,认证可见,认证可见,认证可见,认证可见,认证可见,认证可见,认证可见,认证可见认证可见,认证可见,1%,1%,持有期限<365天:1%; 持有期限≥365天:0%,认证可见,认证可见,认证可见; 认证可见,"2026-10-13,2026-10-14",认证可见,认证可见,认证可见,成功,,,,
明睿聚宝盆策略2期B类份额,明睿,,HF000091EE,明睿聚宝盆策略2期B类份额,明睿(北京)私募,2021-06-25,天,陶凯,明睿(北京)私募基金管理有限公司,期货及衍生品策略/主观CTA,认证可见,769.841939,正在运作,认证可见,认证可见,认证可见,认证可见,认证可见,认证可见,认证可见,认证可见,认证可见认证可见,认证可见,1%,1%,持有期限<365天:1%; 持有期限≥365天:0%,认证可见,认证可见,认证可见; 认证可见,"2026-10-13,2026-10-14",认证可见,认证可见,认证可见,成功,17.11,1.64,1.01,16.85
明睿腾势,明睿,,HF000096BH,明睿腾势,明睿(北京)私募,2022-06-27,周,刘骅飞,明睿(北京)私募基金管理有限公司,期货及衍生品策略/主观CTA,认证可见,637.705118,正在运作,认证可见,认证可见,认证可见,认证可见,认证可见,认证可见,认证可见,认证可见,认证可见认证可见,认证可见,1%,1%,持有期限<365天:1%; 持有期限≥365天:0%,认证可见,认证可见,认证可见; 认证可见,"2026-10-08,2026-10-09",认证可见,认证可见,认证可见,成功,,,,
