产品名,优先级公司关键词,匹配说明,排排网ID,排排网名称,管理公司,成立日期,净值频率,基金经理,管理公司全称,策略,最新净值日期,最新规模(万),基金状态,累计收益%,年化收益%,近1年收益%,今年来收益%,最大回撤%,夏普(成立来),夏普(近1年),年化波动率%,索提诺,卡玛比率,Alpha%,净值点数,净值起始,净值截止,状态
量派CTA七号C,量派,名称模糊+公司匹配: 量派CTA七号C类份额,HF0000AKFW,量派CTA七号C类份额,量派投资,2023-09-28,周,孙林,上海量派投资管理有限公司,期货及衍生品策略/量化CTA,2026-09-29,9941.339490,正在运作,57.30,16.28,9.71,5.03,5.38,1.98,1.10,7.09,4.03,3.09,14.73,183,2023-09-28,2026-09-29,成功
因诺CTA2号B,因诺,名称模糊+公司匹配: 因诺CTA2号B类份额,HF00009NBR,因诺CTA2号B类份额,因诺资产,2022-09-20,周,徐书楠，刘恒一,因诺(上海)资产管理有限公司,期货及衍生品策略/量化CTA,2026-09-28,23126.109534,正在运作,52.75,11.11,4.47,-0.42,10.87,1.07,0.36,9.28,1.73,1.13,10.29,243,2022-09-20,2026-09-28,成功
明睿骁云策略,明睿,名称精确匹配,HF000074DU,明睿骁云策略,明睿(北京)私募,2021-04-14,天,刘骅飞,明睿(北京)私募基金管理有限公司,期货及衍生品策略/主观CTA,2026-09-24,3538.219230,正在运作,124.74,16.03,-0.23,1.93,7.14,1.25,-0.24,11.38,2.86,2.24,15.68,311,2021-04-14,2026-09-24,成功
量派聚核20号,量派,名称精确匹配,HF00007QIC,量派聚核20号,量派投资,2021-09-22,天,孙林,上海量派投资管理有限公司,多资产策略/复合策略,2026-09-30,3178.479598,正在运作,114.69,16.43,7.11,2.64,23.58,0.78,0.56,21.67,1.15,0.69,18.58,300,2021-09-22,2026-09-30,成功
宏锡量化CTA7号,宏锡,名称精确匹配,HF00002G7U,宏锡量化CTA7号,宏锡基金,2017-02-17,周,刘锡斌,广东宏锡基金管理有限公司,期货及衍生品策略/量化CTA,2026-09-24,25647.696868,正在运作,276.49,14.81,21.16,10.68,16.54,0.97,1.89,13.80,1.84,0.89,15.32,552,2017-02-17,2026-09-24,成功
润洲正行一号A,润洲,名称模糊+公司匹配: 润洲正行一号A类份额,HF000085KS,润洲正行一号A类份额,润洲私募,2018-12-03,周,潘正寰,杭州润洲私募基金管理有限公司,多资产策略/复合策略,--,,正在运作,--,--,--,--,--,--,--,,,,,,,,成功
思瑞二号,思瑞,名称精确匹配,HF000025N7,思瑞二号,思勰投资,2016-10-10,周,陈磐颖,上海思勰投资管理有限公司,多资产策略/复合策略,2026-09-28,,正在运作,--,--,--,--,--,--,--,,,,,,,,成功
量派CTA八号C,量派,名称模糊+公司匹配: 量派CTA八号C类份额,HF0000BBJ1,量派CTA八号C类份额,量派投资,2024-03-21,周,孙林,上海量派投资管理有限公司,期货及衍生品策略/量化CTA,2026-09-29,1766.755004,正在运作,26.77,9.85,12.14,6.73,5.16,1.35,1.42,5.93,2.22,1.91,8.70,157,2024-03-21,2026-09-29,成功
旭诺CTA一号,旭诺,名称精确匹配,HF00003YZK,旭诺CTA一号,旭诺资产,2017-08-23,天,罗晨,上海旭诺资产管理有限公司,期货及衍生品策略/量化CTA,--,,正在运作,--,--,--,--,--,--,--,,,,,,,,成功
博衍九溪CTA2号A,博衍,名称模糊+公司匹配: 博衍九溪CTA2号A类份额,HF0000CILU,博衍九溪CTA2号A类份额,杭州博衍私募,2025-03-26,周,程余,杭州博衍私募基金管理合伙企业(有限合伙),期货及衍生品策略/量化CTA,2026-09-29,28567.081375,正在运作,43.93,27.25,31.62,7.58,12.52,1.36,1.54,17.00,2.43,2.09,29.94,90,2025-03-26,2026-09-29,成功
博衍九溪CTA1号,博衍,名称精确匹配,HF0000AB96,博衍九溪CTA1号,杭州博衍私募,2023-03-31,天,程余,杭州博衍私募基金管理合伙企业(有限合伙),期货及衍生品策略/量化CTA,2026-09-24,36962.754599,正在运作,72.82,17.00,20.94,4.66,11.52,1.08,1.50,14.26,1.88,1.47,16.63,196,2023-03-31,2026-09-24,成功
洛书裕和延平,洛书,名称精确匹配,HF00006BH2,洛书裕和延平,洛书投资,2018-07-31,周,谢冬,上海洛书投资管理有限公司,多资产策略/复合策略,2026-09-24,4732.541490,正在运作,258.70,16.97,10.39,-1.83,28.91,0.88,0.48,18.19,1.24,0.58,15.41,458,2018-07-31,2026-09-24,成功
远澜银杏1号,远澜,名称精确匹配,HF00002JJ2,远澜银杏1号,远澜基金,2017-04-10,周,王凯,上海远澜私募基金管理有限公司,期货及衍生品策略/量化CTA,2026-09-24,5665.934632,正在运作,181.01,11.55,36.75,18.07,8.97,0.92,2.21,10.98,1.61,1.34,11.93,546,2017-04-10,2026-09-24,成功
均成CTA增强25号1期,均成,名称精确匹配,HF0000ABAI,均成CTA增强25号1期,均成基金,2023-04-06,周,司维,广东横琴均成私募基金管理有限公司,多资产策略/复合策略,2026-09-24,17545.285390,正在运作,47.45,11.85,20.00,14.28,10.98,0.96,1.26,10.69,1.46,1.07,11.99,196,2023-04-06,2026-09-24,成功
博孚利CTA5号,博孚利,名称精确匹配,HF00003K6A,博孚利CTA5号,博孚利,2017-06-01,周,何阳阳,厦门博孚利资产管理有限公司,组合基金/FOF,--,,正在运作,--,--,--,--,--,--,--,,,,,,,,成功
瑞达期货-瑞智进取共赢5号,瑞达,名称精确匹配,HF00005Y12,瑞达期货-瑞智进取共赢5号,瑞达期货,2020-01-20,天,林华,瑞达期货股份有限公司,期货及衍生品策略/主观CTA,2026-09-29,1152.527285,正在运作,114.21,12.06,7.37,4.31,21.13,0.96,0.73,11.02,1.77,0.57,12.11,1623,2020-01-20,2026-09-29,成功
宏锡量化CTA7号二期,宏锡,名称精确匹配,HF000076TU,宏锡量化CTA7号二期,宏锡基金,2021-05-25,周,刘锡斌，黄焯荣，陈迪强,广东宏锡基金管理有限公司,期货及衍生品策略/量化CTA,2026-09-24,14215.454429,正在运作,58.60,9.03,20.23,10.27,11.77,0.66,1.76,12.00,1.19,0.82,9.47,316,2021-05-25,2026-09-24,成功
会世元丰CTA2号,会世,名称精确匹配,HF00005NX1,会世元丰CTA2号,会世私募,2019-09-04,周,张议夫,上海会世私募基金管理有限公司,期货及衍生品策略/量化CTA,--,,正在运作,--,--,--,--,--,--,--,,,,,,,,成功
洛书裕和建安,洛书,名称精确匹配,HF00006QK3,洛书裕和建安,洛书投资,2020-12-28,周,谢冬,上海洛书投资管理有限公司,多资产策略/复合策略,2026-09-29,3651.068831,正在运作,96.02,12.41,18.71,8.10,35.36,0.77,1.08,15.23,1.18,0.35,13.67,338,2020-12-28,2026-09-29,成功
远澜云杉2号,远澜,无可靠匹配: 远澜银杏2号B类份额(远澜基金); 远澜藤松2号A类份额(远澜基金); 远澜香樟混合2号B类份额(远澜基金); 远澜香樟混合2号(远澜基金); 远澜银杏2号(远澜基金),,,,,,,,,,,,,,,,,,,,,,,,,,未找到
洛书管理期货拾壹号,洛书,名称精确匹配,HF000081Z2,洛书管理期货拾壹号,洛书投资,2022-01-27,周,谢冬,上海洛书投资管理有限公司,期货及衍生品策略/量化CTA,2026-09-29,24304.185189,正在运作,67.78,11.72,22.92,8.25,25.41,0.73,1.26,14.73,1.08,0.45,12.34,275,2022-01-27,2026-09-29,成功
润洲复利一号A,润洲,名称模糊+公司匹配: 润洲复利一号A类份额,HF00007C8T,润洲复利一号A类份额,润洲私募,2020-05-14,天,潘正寰，王俊韬,杭州润洲私募基金管理有限公司,多资产策略/复合策略,认证可见,,正在运作,认证可见,认证可见,认证可见,认证可见,认证可见,认证可见,认证可见,,,,,,,,成功
量道CTA精选1号,量道,名称精确匹配,HF00004UVX,量道CTA精选1号,深圳量道投资,2018-07-24,周,李文火，陈耀州,深圳量道投资管理有限公司,期货及衍生品策略/量化CTA,认证可见,,正在运作,认证可见,认证可见,认证可见,认证可见,认证可见,认证可见,认证可见,,,,,,,,成功
信达诚睿进取1号,信达,名称精确匹配,HF00005IYC,信达诚睿进取1号,信达期货,2019-06-21,周,许武庆,信达期货有限公司,期货及衍生品策略/主观CTA,认证可见,,正在运作,认证可见,认证可见,认证可见,认证可见,认证可见,认证可见,认证可见,,,,,,,,成功
